sample ID_ionization,population,M250T42_pos,M113T44_pos,M116T39_pos,M110T41_2_pos,M314T443_pos,M195T35_pos,M74T44_pos,M130T42_pos,M108T41_pos,M135T60_pos,M188T297_pos,M88T41_pos,M494T646_pos,M116T48_pos,M220T38_pos,M263T291_pos,M166T45_pos,M382T289_2_pos,M124T33_pos,M74T42_pos,M180T38_pos,M245T46_2_neg,M153T287_neg,M266T219_neg,M267T217_neg,M145T253_neg,M137T293_neg,M383T176_neg,M275T47_neg,M157T43_2_neg,M279T269_neg,M191T82_neg,M242T59_neg,M322T53_neg,M199T46_neg,M258T41_neg,M105T47_neg,M89T71_neg,M229T45_neg,M455T327_neg,M339T37_neg,M259T42_neg,M115T128_neg,M195T42_2_neg,M131T216_neg,M611T238_neg,M306T80_neg,M171T43_2_neg,M74T38_neg,M150T63_neg,M282T218_neg,M362T93_neg,M135T43_2_neg,M160T262_neg,M347T101_neg,M160T45_neg,M88T39_neg,M173T36_neg,M131T38_neg,M132T39_neg,M174T41_neg,M145T39_neg,M154T36_neg,M130T119_neg,M131T36_neg,M118T39_neg,M203T264_neg,M147T79_neg,M133T56_neg,M173T51_neg,M300T47_neg,M190T290_neg,M188T114_neg,M662T146_neg,M664T67_neg,M122T103_neg,M288T106_neg,M218T258_neg,M164T229_neg,M206T373_neg,M263T286_neg,M87T82_neg,M375T333_neg,M117T111_neg,M382T259_neg,M124T38_1_neg,M136T105_neg,M180T105_neg,M167T87_neg,M243T133_neg,M323T72_neg,M151T114_neg,M283T230_neg,M363T118_neg,M204T285_neg
4,Betta,15193.64,153956.06,367429.14,44082.29,14042.82,11409.33,266583.07,2471932.34,155527.69,168213.2,44831.59,211523.99,65553.23,844276.93,11753.2,62771.49,80874.7,20458.72,66167.85,369604.89,11336.28,17568.04,28395.38,44064.46,2109148.13,3857.29,4458.05,8988.47,21440.55,9640.43,22916.12,549304.08,18683.69,64726.38,24605.77,31280.48,13364.71,791573.85,64835.68,15784.08,5111.99,285916.7,3090.97,395529.6,22034.22,5943.21,4614.55,255798.34,60683.33,1219705.1,427380.53,712711.91,31344.43,186566.48,2686090.48,27075.08,42456.1,60433.34,27180.43,30067.99,46556.83,189573.02,200504.19,31867.32,96339.87,51791.99,2740981.62,18439.47,768232.61,61183.16,103197.81,6364.51,14852.9,121967.43,8839.71,4769.79,12634.17,499521.27,163929.21,10969.14,4635.85,102543.69,34597.59,204897.38,38621.89,1785817.66,2084.65,1027925.95,88947.65,728701.95,188129.37,400076.2,266832.67,681595.06,670394.87
10,Betta,11140.04,74717.34,557023.07,8635.55,19295.16,5981.72,254930.45,2148017.31,144587.37,100052.46,13146.51,177223.05,63148.11,550791.25,14840.47,98127.46,37440.37,12282.55,53026.01,255377.09,15398.74,59320.35,40441.77,21965.07,2086730.71,4387.55,5141.34,6840.77,25268.44,11361.79,34251.98,363109.9,23364.27,98341.88,29775.73,59408.12,17508.48,1329726.11,70127.92,11106.49,3266.75,339383.52,5877.39,36901.31,9849.29,10100.19,24899.68,306704.51,34177.34,914343.68,277149.08,1360146.54,41222.25,69459.66,4543343.41,25451.47,46556.29,107114.46,13491.75,37732.45,12763.73,48956.32,87747.03,33393.44,56790.13,12204.09,1160204.45,15070.67,851143.77,70449.41,112404.93,8279.98,4353.2,151502.31,18581.05,14558.11,28735.84,1023182.21,123406.1,2633.43,12086.01,87714.54,25370.96,199794.54,59874.26,2189370.78,2570.44,836840.47,72981.5,589651.87,324279.88,165135.95,253727.97,1086168.45,228804.61
14,Betta,14597.87,99695.88,533416.7,50774.85,8469.5,10669.5,351293.82,2075226.39,232232.18,158194.66,49957.91,169710.88,117619.96,753179.99,10167.17,156581.58,64165.61,15483.56,82986.28,287524.69,9201.4,62666.67,27097.24,33547.72,4479564.9,3625.46,4100.16,12714.65,11910.61,3562.33,8090.74,437073.09,26279.3,73729.01,14100.81,76762.84,17995.93,865923.71,115809.47,8959.39,2703.68,186174.18,3376.18,432304.79,10518.22,8718.16,5566.09,220711.01,44448.95,1563520.25,346410.3,634209.46,19224.43,106950.27,888072.72,21420.5,24963.17,152420.89,24203.55,18383.63,9921.33,78312.64,105981.26,24666.99,69952.09,22400.49,1522835.87,25585.52,562971.93,9922.46,153671.66,8973.05,6986.51,24341.45,7090.7,6895.66,10972.96,455476.94,91476.86,2717.99,5472.03,51653.25,32272.35,143563.27,87594.46,2583918.58,3628.46,680769.14,33659.9,700636.23,280111.58,333384.73,270364.62,323620.41,539272.84
23,Betta,9904.38,4881.67,427908.86,3489.4,7209.51,8140.1,184797.19,1510695.89,119629.59,152791.79,49956.81,135356.47,143078.22,1195934.84,4898.48,138718.39,33813.7,9881.31,39939.32,219818.51,8690.56,33008.15,23642.95,16351.47,3240941.41,1758.76,2296.19,7920.63,11513.11,5210.3,14098.22,864530.78,12289.83,143957.82,17670.86,41259.93,19582.72,972867.3,161482.76,8944.33,1207.77,83263.53,5956.06,1041020.59,5277.53,9469.96,8275.38,173038.49,29654.62,1025785.92,218647.62,1209518.22,14299.21,67803.35,2508150.88,13477.16,23728.9,68678.32,10930.72,15194.56,1511.31,19554.34,145699.97,30628.41,37512.03,10557.95,2208237.65,24987.4,595045.36,8938.92,81171.35,12377.03,15570.04,38341.4,10177.8,8569.37,17719.62,800476.48,121610.89,3197.03,16466.12,189555.33,36952.21,234800.57,172267.99,1688247.69,3262.03,975444.01,7628.44,742674.23,430089.11,390831.03,438846.34,828768.28,538985.01
29,Betta,5834.73,5872.08,700736.29,15419.28,3971.09,6289.57,78872.28,1527573.67,128763.7,135009.61,26630.57,154803.84,66966.8,766943.62,12614.73,76070.81,15914.64,15451.6,74218.1,250866.22,15131.72,89313.7,41222.28,8262.41,3266917.5,1589.29,2916.35,8377.32,13612.6,2661.53,6523.67,543740.54,15545.62,149162.68,30623.4,46308.78,14145.62,1864112.56,114966.34,10814.9,1534.91,115720.91,5798.55,33979.99,10297.63,7091.05,35123.18,99891.98,26772.2,1012528.95,180852.39,1356590.02,20556.22,73203.02,3537629.77,21049.8,19787.13,78188.28,10236.11,10972.06,1544.42,5336.64,89253.51,32973.08,45699.89,7893.85,1352870.13,18725.89,720834.52,6233.84,156518.87,13685.33,11088.78,30159.48,9097.91,18965.22,33069.3,1455788.54,144232.25,2084.48,6096.86,120606.11,19859.19,227726.2,112282.35,1907052.43,3053.92,515106.35,10900.53,814201.35,315220.24,298375.48,442126.71,1327486.21,418585.97
33,Betta,10367.13,182765.44,368613.29,6668.79,9456.68,5349.22,133428.27,2701438.41,113169.19,155519.87,24896.35,168071.86,49342.18,1149301.97,5535.1,70695.39,39307.16,12106.5,45395.14,219877.97,4940,21695.96,38946.09,15687.82,2828141.86,12136.45,2742.9,10771.83,9618.32,4306.45,15568,548071.38,7742.42,79932.66,14612.44,22175.16,18542.27,1111556.18,147017.09,11951.93,1129.31,213733.14,4003.22,909034.76,8851.15,8988.06,4844.87,179619.1,25252.28,706450.54,255793.04,1362675.32,17434.35,57143.3,2144419.15,13568.11,18201.29,31247.16,14807.07,13651.14,23496.46,64392.89,111763.1,38614.98,71010.11,7489.05,2522725.73,16218.52,540053.45,44175.29,93099.01,11203.55,16788.15,79223.8,8266.9,5662.34,13127.73,887926.64,135057.31,5018.79,3447.23,176619.69,41329.74,153233.4,49856.18,1450367.62,2585.56,704705.16,41044.78,675316.32,74101.61,346312.88,290614.38,772393.54,457972.67
39,Betta,9631.68,87908.64,702329.4,14687.57,15845.82,3433.94,284577.43,2352987.97,145548.38,149920.09,31405.89,168422.8,158446.58,1094832.78,12627.96,88733.06,112472.52,18541.33,75414.82,269799.76,15402.33,74287.69,33826.17,13995.32,3929407.67,4340.98,3360.49,9453.19,14036.47,5502.29,26226.71,303802.62,13724.42,207033.77,22020.81,24031.57,25031.9,1708365.29,186587.28,12373.76,1720.43,75907.34,3635.31,94075.55,11165.69,3834.12,10184.65,150573.92,28354.79,1025079.95,181182.46,1420143.02,24350.4,101182.17,3433179.34,17491.26,17275.56,69424.61,10447.36,7749.58,7538.57,26077.45,135245.12,21458.38,41022,8074.71,1810071.49,23481.44,519264.3,28353.23,125362.18,13389.63,19582.72,64408.57,12074.11,15580.66,43735.85,1329463.34,125484.82,1707.62,3254.79,76540.59,36381.89,244898.76,224849.8,1842057.37,4392.14,1019612.63,66924.59,810113.85,425450,281823.4,432307.77,1068986.94,424747.57
43,Betta,9880.87,190874.64,496365.77,22593.62,11103.23,11315.66,300142.46,2195370.98,147582.29,212525.59,56669.53,129236.06,55914,1318054.26,6696.57,173130.09,50516.55,15851.11,56208.9,260879.16,9471.43,30556.47,53578.59,7405.77,3790778.92,1944.11,4619.27,10486.32,7653.52,8064.93,3083.18,641039.14,7465.48,77717.9,13819.54,13444.02,17417.55,1197705.14,195804.54,16529.62,1440.51,50170.79,3170.4,56254.12,18478.16,6824.71,5322.44,107239.25,29351.52,884957.39,269004.86,1263266.88,27452.62,150212.21,2521547.61,26603.37,19916.13,50348.26,13677.59,10623.65,35515.1,37008.09,97407.35,39287.04,82737.01,8908.42,2528085.76,17611.87,593885.32,38087.26,134255.35,11523.55,21434.26,37661.71,9822.38,8241.77,20847.15,1032075.37,179053.78,6273.42,1919.53,161883.43,54302.62,269413.57,196210.68,1710600.59,3042.76,885612.19,40376.4,953164.07,132711.63,360995.61,455456.68,878473.35,595892.75
49,Betta,9881.14,25726.15,564787.55,18755.93,4538.43,1999.59,105949.65,1768687.73,130184.03,135229.92,21589.58,138903.1,125586.02,756707.22,11146.41,99609.55,34101.52,13999.3,87420.02,272508.88,13363.52,79539.16,42923.18,14971.9,3397151.69,1142.11,1586.59,6570.71,23361.54,2932.41,10406.51,622708.91,13061.25,184874.87,26681.87,47750.94,20881.21,1657108.63,153501.81,12097.49,1757.6,153465.78,5594.89,43599.12,6695.8,10332.65,32953.62,197829.2,29562.7,920476.83,213787.99,1413834.01,21757.44,44106.06,5017543.68,18917.46,22429.8,68998.44,12229.9,12038.36,3512.44,6341.35,135961.69,32864.04,43209.52,9429.59,1982852.67,27166.43,580788.36,50228.16,106022.55,13060.1,14371.92,55490.18,9693.63,19611.67,33638.4,1226672.83,157605.12,3125.17,11086.92,138215.38,24077.55,273999.1,176025.89,2076406.48,3483.24,814006.72,29329.83,761544.46,507878.54,322398.82,461830.6,1411361.19,363258.98
53,Betta,26805.86,194819.07,513614.14,18879.27,17468.1,8197.45,473695.43,2075654.82,220711.39,203032.04,117018.37,207128.02,112465.86,1180976.29,10998.01,144542.77,115329.61,22659.15,56531.01,305624.23,12055.17,18763.97,36867.02,28036.89,1908934.5,4376.55,4017.79,14210.54,14900.85,16482.24,8984.84,575057.72,12024.08,94621.06,8778.33,27704.73,14837.61,1012165.07,51112.91,11333.37,5917.46,247621.17,3332.32,134271.35,18149.67,8673.09,5174.6,240389.69,50170.64,1293649.7,487895.22,712885.02,38713.26,202123.75,1800250.59,32294.09,52299.04,77792.36,19279.87,45277.19,46066.67,79820.69,161289.32,37414.23,107708.34,31889.44,2882642.27,15722.06,815178.05,24486.37,87234.94,6708.41,16894.08,156748.94,11217.36,10040.08,20294.08,740263.58,151476.85,4862.61,3407.55,109566.08,44745.45,215863.48,80705.52,2432387.76,3653.8,1012944.07,97348.02,717954.21,187731.9,264161.25,345153.64,888188.69,1112525.35
59,Betta,15255.63,104557.51,577342.88,18242.73,10585.57,4143.09,424350.17,2897127.31,233120.26,116507.63,14809.11,277744.26,191430.63,668957.76,9969.46,93539.01,97951.87,13298.85,35006.96,403139.84,10758.23,82002.73,23607.83,21154.84,2704879.64,4644.75,3860.27,5584.92,18988.36,14926.53,9286.93,292491.97,36266.41,115640.75,25306.28,97174.05,10575.77,790375.62,56846.19,10073.5,19474.07,622478.4,4390.24,50907.78,11773.12,7784.84,16196.99,475597.69,48215.41,1313926.24,256282.19,1064858.49,34854.09,87408.57,2849391.34,26282.36,53256.75,152618.53,24439.26,54764.31,19434.53,100627.72,181868.05,28334.5,81068.2,24336.18,1368338.8,15827.93,705386.91,35884.61,120984.98,6302.39,5398.52,113015.48,13035.36,15727.89,20252.79,721155.99,105503.79,2336.24,6935.61,41861.86,32531.36,209340.47,69019.66,3038448.77,4075.24,1047569,21231.11,416832.81,539318.17,469608.44,176095.61,489726.49,232694.68
63,Betta,14174.64,76574.78,416061.42,56599.25,9952.53,8109.08,492050.08,1860253.79,138641.93,163547.13,83577.65,147401.82,100160.72,1129029.15,6228.55,147313.99,118208.89,13620.51,45861.79,302316.46,10423.12,41132.1,32870.28,24747.3,2202904.67,4437.16,3374.7,11472.19,13333.68,15430.93,7372.31,643997.94,10696.43,95696.25,18994.21,46095.96,10200.91,1158166.21,73196.52,18065.81,2092.81,261945,6051.52,101704.52,14375.52,6705.72,2275.93,340975.79,39258.8,1495048.46,405554.94,1279235.71,18748.65,160479.83,2687367.29,20244.41,44632.9,58610.34,14790.81,36520.52,14512.31,60321.06,120218.55,43214,39663.75,21507.05,2809278.7,16394.78,711401.8,11234.74,78254.1,12433.39,18440.42,171374.91,17299.98,11032.18,20728.82,877487.76,162172.63,5953.38,4596.27,196164.81,52581.64,267177.66,188326.67,1667138.54,3512.32,834546.38,41142.76,931334.69,182141.59,411599.02,343281.6,1134098.56,1009161.56
69,Betta,9959.58,6288.73,660563.34,16895.47,16910.32,9343.91,307365.92,2793855.46,159291.1,164529.93,41994.95,184813.05,50723.84,919585.7,15042.99,82996.86,73362.17,24362.87,74053.97,377447.16,17769.49,66205.39,74554.4,35671.48,2275206.04,1007.85,11711.9,13849.09,11223.93,12212.57,7522.75,487162.4,19464.35,92320.75,18233.9,57965.04,9445.23,1250664.16,58857.87,12406.86,4506.17,138190.2,3733.41,40537.14,18024.29,2589.54,7732.38,252153.74,50696.49,1584964.46,238654.04,831079.02,30689.58,147727.72,1758293.18,23022.81,58968.07,106961.7,11649.52,46545.68,1547.87,45494.97,108644.98,26932.05,58451.41,19886.05,2146547.65,12394.91,694489.45,1930.71,128501.01,3236.06,10501.22,230630.42,13492.29,28850.53,30090.62,1208798.6,113389.86,2547.75,2210.3,130119.59,37089.49,272904.6,88719.02,2384810.67,3370.8,1067981.52,31846.22,603694.46,204027.16,75543.44,240309.75,919778.71,457999.57
78,Otavi,10936.97,102921.8,362891.82,35140.85,8699.29,9370.82,217642.6,2248346.21,123835.62,123977.3,48292.5,97491.5,87265.31,1000607.92,6716.52,87963.22,49155.66,12583.3,34393.01,198927.37,7351.91,30420.18,49624.31,20889.3,4170968.65,5646.98,6162.65,10610.79,12845.93,8448.69,14944.08,685831.83,14051.07,49283,14329.6,27520.78,17906.36,1113908.65,193807.17,15274.97,2558.72,146864.56,5310.72,386972.01,11228.93,11299.44,4405.81,107140.26,38432.6,1327125.21,287911.74,1107223.11,22324.95,86557.51,1365939.34,16856.85,23900.98,55127.83,17740.26,14197.42,19048.16,75394.9,116633.26,38188.1,35284.01,17187.18,3148109.94,32154.18,866379.26,29995.79,114494.98,13485.27,15542.32,26315.08,12527.48,10577.59,16413.02,855475.86,124305.74,4007.22,6285.89,120770.98,37566.68,182104.26,89145.36,1988361.9,3625.69,893381.59,48546.95,952440.67,127040.5,314365.51,337126.46,656626.43,678836.58
84,Otavi,6886.64,28523.73,690651.82,13112.41,7386.2,3081.63,114452.3,2823346.84,120453.39,135010,20445.52,103541.13,230580.13,711625.3,12423.91,91772.73,9448.75,15543.69,68349.24,232611.99,16056.85,66503.4,34583.97,5878.23,4176197.3,1728.2,1693.93,7407.45,23163.3,1719.28,6879.88,666449.53,15489.43,183315.36,28915.91,33031.63,22472.54,1811856.35,160825.81,13311.36,1764.14,185217.75,4466.52,44732.81,8122.21,6987.05,15014.29,190352.28,24644.47,955286.88,222595,1573902.01,20125.28,50923.7,2759918.35,15777.98,18825.97,81771.28,12078.65,8522.27,2579.48,41382.41,124434.79,23808.65,49784.67,9255.66,1983214.25,34080.21,585669.36,15456.22,66329.89,15168.8,8332.68,32349.32,6687.31,21153.41,23505.66,1145866.07,125591.21,2479.53,5943.91,133676.85,33665.54,253029.26,162422.2,2124025.26,2982.22,687464.12,70490.6,744539.69,456669.87,128382.39,376642.07,1086610.64,278469.73
88,Otavi,8003.99,83794.26,371307.34,27813.19,4151.04,10081.42,62680,1933457.23,131068.74,123651.72,39413.29,109158.05,257914.49,956629.17,4987.2,170268.22,12268.43,3716.92,29125.72,199546.35,6395.42,51113.91,39048.05,3514.93,3274423.66,1153.46,6523.36,9489.51,10386.72,10203.16,39891.76,1088234.37,15033.58,106934.98,16872.78,43712.71,37764.59,1254113.75,131540.67,17432.43,1468.96,108822.91,11131.42,308922.29,7559.25,13056.18,9276.91,136625.81,30357.97,1113812.79,331097.34,651891.15,20975.71,48159.86,920574.55,17255.71,24833.15,59276.96,13278.52,17853.93,14216.25,55373.33,139860.79,35170.57,38214.03,10928.41,3076272.03,36905.22,794110.99,27234.68,76854.77,16124.63,13706.08,17282.67,11381,9152.02,10540.29,627319.67,121464.65,4848.86,38177.71,186040.09,54956.06,200592.55,144301.44,2004043.17,3604.28,852235.96,28647.51,1001243.21,468068.64,128360.45,445382.87,367891.03,520354.28
94,Otavi,15538.83,26295.83,566606.42,16231.58,10105.22,5807.09,217909.71,2460475.52,288479.72,157987.1,12301.38,193121.34,170044.58,821893.28,16975.55,90543.74,16087.04,13264.2,67332.72,393774.57,20049.97,99873.63,39729.16,3204.03,3908317.42,2908.41,5960.68,4989.42,24040.3,4856.95,7738.4,303879.35,29044.05,109285.22,30279.67,78145.15,27278.29,1186792.04,82782.55,12601.69,16305.5,349606.68,3072.27,76041.32,9488.51,5116.72,11692.6,198326.76,45380.96,1509606.49,333110.58,647610.15,28831.8,93265.24,963956.21,28722.82,26841.98,177260.78,21767.14,20782.6,4527.49,52327.15,139726.8,18583.89,87125.63,25581.23,2116912.63,22513.23,513031.99,13626.31,138895.18,6662.15,3669.52,38060.49,5470.82,23934.58,10793.96,769817.48,83929.94,1747.76,5248.81,36611.82,19528.48,188198.59,100276.71,3247379.41,3782.84,1089199.11,80042.43,546769.53,335207.87,119273.95,302799.35,496625.53,165759.09
98,Otavi,8910.78,134415.31,334633.45,24019.1,11024.92,5384.9,116063.58,2552118.19,113065.76,117204.03,48348.44,129316.94,26278.84,1145531.75,3876.92,208771.93,12216.22,5417.04,31406.31,203699.76,5579.74,21349.72,44368.61,32071.68,1681586.76,1735.59,3726.07,10585.87,10493.73,5138.72,36234.36,591377.77,10071.2,81963.4,6734.38,34529.19,19551.45,1365417.97,44818.87,11112.74,1653.8,166627.43,8036.34,79853.16,10149.04,11704.46,6463.87,199083,33478.41,1188697.64,366515.36,1365150.49,36090.6,64309.16,1831960.83,22123.41,46653.21,40484.05,15884.17,40571.52,31176.91,95317.7,69483.81,46042.81,73399.13,7629.57,2817800.55,15152.45,646790.18,78852.97,49250.77,12475.18,7601.03,127251.82,11719.58,6956.98,14546.51,1082964.47,154571.55,4876.46,20716.63,205739.37,53764.94,146491.7,37650.41,1769592.84,1958.29,760912.82,13037.3,407753.88,178225.62,95775.38,285528.05,1000756.89,635837.86
104,Otavi,6314.64,28974.66,735237.91,10582.51,16330.35,4955.76,178196.68,2265738.97,149542.51,166637.22,22936.17,163807.83,62525.83,577685.42,13731.35,140470.78,28513.48,11478.77,62116.49,200132.27,16954.8,46314.77,38773.03,22927.57,2068744.65,2274.54,1151.2,8143.34,9146.71,5363.88,10468.18,396634.84,19736.05,180418.33,1824.32,52209.97,16766.42,1378353.07,66614.82,10913.4,3223.12,332436.51,6227.22,39998.57,9054.63,3942.62,28753.75,298767.24,25295.01,1154741.8,241617.96,1468696.58,43107.93,60610.79,2885331.17,23231.32,43531.81,115561.07,9397.71,33809.45,2235.47,31585.18,30011.11,27483.32,64385.72,5712.34,979165.66,11315.81,679954.66,23447.29,81682.03,8560.4,7563.28,220977.55,14536.89,19793.79,23959.52,1066391.23,93279.49,1564.89,13104.22,110336.29,24512.14,274730.27,61010.92,2545515.2,3074.55,599156.88,16084.36,485135.35,356948.8,51154.38,225520.47,1227723.43,304798.15
113,Otavi,6347.64,196349.57,379546.41,15550.3,5376.01,2897.58,97996.41,2059262.22,101201.19,116712.51,19475.67,130160.35,64816.06,1059934.67,4435.91,377408.3,24257.26,5900.77,30368.84,200675.24,5084.91,33393.17,44933.55,20187.55,1614242.1,1858.89,3483.99,9227.32,9751.75,6653.51,39868.93,869559.29,8782.25,74085.51,13359.22,23592.73,19264.49,1096099.39,38911.59,16223.69,1337.4,147392.65,12416.3,87348.64,9967.4,6492.05,7694.94,183974.41,28472.65,1040342.15,309633.08,1278572.31,28227.12,47410.15,1741851.2,24482.01,46705.83,42318.37,17433.97,42762.63,46083.71,64949.14,96061.39,52119.06,91590.73,7869.68,2456208.15,16116.31,620700.24,111539.21,65539.67,14894.56,13046.61,135041.93,17684.51,9512.43,24250.99,1039921.78,177861.38,8262.81,32464.04,279846.46,43395.7,147704.65,52097.68,1557662.81,2960.74,838941.56,5640.44,607643.48,275118.25,190917.33,316945.95,1109853.66,269027.96
119,Otavi,8596.24,27635.89,569354.21,14409.16,3972.89,5591.07,290668.56,1930592.64,124631.03,106712.09,26578.84,164633.97,317417.68,508175.59,12242.44,127926.24,67161.04,6198.95,66816.35,228479.87,13900.77,62358.95,35081.43,38788.59,1612748.16,2861.99,2009.75,5955.99,10427.77,8947.06,27527.07,567735.11,20570.98,144845.95,14196.46,48596.06,9906.06,1163074.39,44217.49,10440.18,2702.16,331793.84,8220.18,34566.71,8582.64,9963.38,21963.65,282412.56,28882.73,1046626.86,362954.98,1446712.16,24605.96,60672.75,2570931.43,22040.31,47229.93,94241.6,11658.82,41609.71,2927.25,18876.37,134915.16,24440.52,50812.77,9922.29,2098197.88,16957.36,699890.16,17082.86,99393.75,7674.28,9120.9,217763.01,10166.03,23267.97,30057.37,1073697.78,116760.56,1995.61,22764.86,147907.4,25866.69,244580.66,94468.77,2065687.45,2825.82,581166.14,85195.41,632696.74,852246.25,257529.63,329165.91,1167125.25,428528.56
123,Karasburg,17339.91,7894.13,639355.76,12535.1,20589.88,7802.5,396265.99,1779706.18,197847.24,209779.83,102675.14,136177.85,80452.37,1425980.38,7737.12,152508.72,143896.94,14168.44,62651.08,331435.94,13080.3,24795.15,48611.47,33016.66,1996706.83,2466.08,2968.37,8953.04,9665.43,15744.56,11282.97,837935.91,9003.15,155449.58,16735.57,16921.69,20977.54,1858736.71,66601.4,14682.05,2080.14,216381.7,4935.47,94944.91,12331.8,4862.07,7807.91,303323.56,39227.06,938353.84,409394.64,824194.18,44220.14,202842.31,1867316.9,31035.54,49171.84,88167.15,16542.55,35354.76,2727.97,58605.17,87002.21,52023.11,53007.3,11679.34,1967433.64,17524.23,707737.76,12818.03,109753.14,10963.21,16870.63,236357.4,17387.5,14306.91,26808.6,1490425.13,185117.35,5093.2,3286.54,226287.38,42768.48,332145.91,285755.1,2024405.7,3412.6,1027111.26,159197.7,1037170.62,150616.22,259534.89,426068.73,1318085.68,961446.76
129,Karasburg,33544.28,49147.15,608821.48,39721.14,46357.07,12280.84,236809.89,3081106.93,524498.21,251036.9,36735.64,122245.86,108273.1,486166.43,25610.5,57551.2,129833.87,35006.48,97742.18,295716.73,22746.11,56370.3,25787.7,14718.12,1032246.41,24311.82,37956.29,9399.26,54361.36,40758.28,16799,75366.09,41417.96,57102.04,67777.37,92400.74,27747.15,411228.83,96327.38,18176.49,24412.16,199018.66,39832.47,23068.03,130850.07,16416.81,40211.5,149296,39785.12,1686702.54,84926.85,146186.8,152575.5,24898.76,304449.65,35267.85,26025.61,367456.69,50648.65,49900.29,23749.28,179323.79,77944.96,49246.46,289337.52,43506.97,23858.54,153562.43,85963.91,39417.15,21133.91,17871.98,14499.54,10369.29,7599.52,37514.76,12405.17,11311.46,20428.03,10083.26,17485.31,52521.73,13547.13,73569.31,10700.4,6297328.08,13228.27,100017.84,209629.33,81057.02,161965.77,63435.49,16871.74,117438.15,36640.64
133,Karasburg,15093.59,122038.81,409304.67,13930.28,5878.84,8629.14,355700.45,1330321.7,176692.78,171475.94,47644.65,128067.83,61617.19,990876.15,9995.19,105656.85,70625.16,21925.64,38396.14,292613.95,11036.05,30892.25,52214.23,41655.61,1737630.82,2882.19,5980.74,8378.3,13635.45,26439.31,14760.29,526296.99,14715.2,92769.56,20130.17,38219.04,8629.8,852146.59,46638.27,12988.77,4055.92,289569.04,5107.41,41328.53,10289.71,1853.49,2959.01,316367.46,42550.86,1202032.14,429057.83,1045431.46,18226.79,148192.9,2515115.93,16225.25,44352.79,63348.95,13612.23,29481.55,31233.84,52252.43,126273.92,48467.7,41180.14,29889.97,2724651.2,16010.53,687263.16,11629.73,108222.21,10465.56,6120.09,126180.78,11729.09,12497.58,13474.45,1128985.15,143262.09,3561.87,5104.56,119220.15,36746.71,237581,41342.02,2032686.92,4837.63,887413.22,36778.04,895228.52,160910.25,262149.38,369401.27,1221949.15,548063.86
139,Karasburg,12121.01,60778.44,448334.86,14113.78,16993.14,5527.98,329430.35,1895427,130779.14,83053.35,38209.04,187283.18,249523.56,650870.18,9083.78,98127.34,79213.71,10701.22,59765.93,293597.46,12347.14,58264.72,26091.13,24132.55,1735610.24,4094.93,2579.46,7075.57,11437.07,19109.18,13363.41,619176.55,15837.56,144756.06,13769.95,68587.22,12968.29,854214.93,49676.97,11764.88,4516.1,265388.36,6229.62,56583.22,10469.75,9177.24,9865.64,369920.81,39463.95,1130069.92,273157.18,2086215.67,30047.1,87299.03,1853194.15,24671.68,59049.88,103981.08,16135.44,52924.69,9684.46,42848.71,127668.42,28451.51,48074.63,20176.27,2357422.2,14547.44,638825,34425.72,84283.74,6785.19,6468.52,164249.44,19811.83,19748.53,28113.07,875314.85,104518.82,1960.27,7985.26,158166.37,41568.37,227382.51,84134.45,2205252.58,3678.47,757355.66,132890.12,536727.74,356818.46,177346.92,218675.09,873950.7,665822.53
143,Karasburg,15393.38,280377.83,464605.04,50207.39,11382.56,3690.77,302676.03,2950532.25,146941.25,147210.79,83485.83,121004.21,118407.53,1528324.81,5153.54,150454.52,62873.09,7873.65,34287.88,311921.72,6849.74,21790.74,41637.54,37113.27,1844512.83,3887.75,4652.25,10440.71,1902.4,28325.85,4332.99,473967.44,6959.41,97880.18,20449.62,20945.93,12596.08,957699.93,67865.56,16249.4,2044.47,215441.11,6776.12,459169.73,12931.78,8845.85,4361.16,323103.57,41922.34,758955.89,517369.11,1185890.37,18902.76,98188.94,2182146.92,12766.61,40597.5,36717.64,18476.48,33090.99,55755.61,114071.1,128263.7,65266.26,103280.95,17064.27,3489128.04,13465.95,713633.37,48372.97,90058.35,17475.32,30715.77,135768.96,23903.03,8705.43,15233.08,939223.02,194488.97,10678.22,5791.03,135960.81,32512.42,238000.67,36323.41,2149822.17,4041.27,1122716.04,142699.48,1041724.4,239341.93,193365.59,391555.16,1250491.46,978439.75
149,Karasburg,32309.63,50396.73,517205.53,43133.82,50205.46,11567.05,241883.58,2841558.3,425530.85,181657.39,40573.82,62951.01,145656.06,479199.73,20499.69,88848.15,202725.26,33350.27,119702.9,314462.48,20220.94,43109.6,22006.46,16472.55,351101.06,46548.45,25739.47,8908.98,41275,39466.45,15150.12,54101.74,32864.39,42545.13,69205.16,62102.4,19525.71,303007.04,65891.92,16345.31,13354.57,260084.82,33855.03,22730.76,100358.06,12946.15,26715.34,222329.81,24370.44,1804020.05,121051.8,175866.91,97569.9,70864.78,210347.88,34835.22,21418.76,261806.41,47371.25,51971.1,29683.47,107082.87,176340.23,32489.47,142632.38,38744.25,325109.62,119252.98,72994.02,33654.66,30367.02,17798.92,5485.38,10815.03,7180.48,34483.05,19426.32,109009.48,29013.32,8973.87,22265.07,32928.37,20025.25,23324.16,27191.24,4834400.33,10549.7,217254.45,63262.86,81226,173017.89,60235.71,33155,101434.46,100436.39
151,Karasburg,11636.32,24811.21,378923.39,15132.41,9075.69,9096.7,255482.98,1479786.01,133019.66,120840.77,46285.74,115689.81,78701.08,925216.57,4275.75,145365.31,44999.68,14248.75,31329.21,243595.15,6916.78,25485.29,36374.04,21206.02,1737541.45,2028.53,1732.06,8996.54,9783.66,13173.55,11564.19,676688.36,8760.8,100737.82,23793.99,31521.24,14926.86,1172514.25,59705.71,9420.41,1877.25,394024.58,9751.13,63955.87,6735.02,6633.71,6104.26,293425.06,35371.04,1064957.86,288706.11,1041154.49,22234.75,58665.74,1268502.66,15458.4,47498.49,78981.94,13623.28,36411.99,3749.46,38830.48,80823.55,42999.97,41459.12,15251.99,2684482.96,16229.41,688224.96,5004.78,90110.32,11274.77,6251.81,117221.67,9046.28,7845.23,16328.01,853983.52,123486.33,2223.65,13397.47,181114.4,30328.92,242456.31,163472.79,1865287.53,3269.61,757345.9,22375.59,707686.2,275630.85,207597.78,282637.29,691937.51,609297.02
156,Stampriet,26851.78,109105.78,305665.69,35789.68,86410.93,50798.8,144490.25,1760113.61,208359.05,174216.76,50617.33,79361.26,145404.95,372333.54,24341.35,80985.97,194316.65,35889.67,98233.37,146966.23,24714.76,11173.51,58468.58,51056.37,1823634.23,23550.84,3715.75,7407.9,12821.13,17456.76,16452.81,400707.93,7446.41,51962.71,14172.57,9282.02,7704.95,724966.02,48960.34,12454.52,5570.45,140847.2,3604.16,32235.17,17458.26,8582.33,3476.99,191358.6,42402.38,1515936.32,444100.79,457006.75,21075.82,253140.72,1234303.43,14102.54,33080.14,30604.63,12596.46,21816.4,49058.55,79873.26,84084.44,42005.95,80929.96,27854.19,2702369.33,12967.14,564361.7,45323.89,87263.61,8244.97,5101.71,72091.6,15782.43,8925.49,6948.65,903156.07,135793.82,2582.3,4054.4,81772.07,23864.11,147329.6,26910.54,1758461.24,2350.83,952159.35,60296.98,585474.69,83230.6,151570.25,447897.48,933649.21,276136.39
162,Stampriet,9444.27,100140.48,606813.5,17025.82,12104.59,2942.66,251128.37,2148796.25,151500.74,121993.87,17225.77,157226.12,112762.36,796468.24,10210.23,93401.85,48849.2,17027.84,70873.28,365111.45,14593.49,44126.1,41763.88,22611.94,1949222.14,3832.63,3966.95,7714.69,12958.97,5440.51,21986.13,542377.62,15638.95,203422.74,8814.14,37975.57,10837.01,1162901.77,67380.75,12330.03,2851.41,293406.31,4458.59,47378.62,10397.2,14131.01,8615.39,392635.5,37603.34,1381043.44,286131.53,1062905.37,23057.85,69342.09,1767927.03,15768.77,36888.68,86037.05,13179.98,32448.59,18060.25,34393.52,93627.23,38441.85,48216.64,18084.89,2100507.03,15757.91,592343.9,15171.35,116858.76,11370,9290.3,167931.97,17846.55,24126.33,19899.19,1068078.04,132579.91,3179.37,3732.31,124117.23,48461.38,274122.59,38711.93,2278603.13,2285.69,796824.91,15332.63,582275.75,337562.84,72523.68,295344.9,1114813.67,321677.63
170,Stampriet,12170.64,178408.98,652233.75,19052.52,14651.12,3661.64,207379.34,2522286.51,124925.27,176378.72,52024.02,168087.64,45985.21,767325.13,18064.97,143830.48,22834,16156.15,68948.41,404464.68,15553.26,16811.54,48760.4,27109.72,1802644.24,3359.12,3887.15,5232.12,9311.8,22269.36,4205.3,863792.21,10462.56,101912.61,15442.09,11652.8,9393.98,1221737.16,43758.06,12347.94,4542.9,164017.86,4716.95,30584.83,25170.2,7945.14,4806.27,209825.69,52182.1,912760.56,520079.9,763822.51,17958.66,192283.88,1589389.34,20199.2,44165.53,63965.99,18176.86,30134.39,58721.78,102965.71,106668.46,63476.93,110155.69,40127.52,3877625.16,23615.6,846010.26,14045.12,78359.37,12661.07,7772.69,123782.49,14076.09,17980.8,14999.4,1385405.19,232759.9,7368.9,1765.8,183922.78,36280.54,270533.84,47899.29,1793239.78,2886.82,1279175.76,14002.22,1016555.04,220618.56,190312.77,508857.81,1302745.31,727301.22
176,Stampriet,8148.69,36142.88,557628.72,14566.49,9290.84,6523.87,175191.48,1981296.79,158457.97,139514.5,16205.56,171268.74,86166.33,579800.97,11413.74,145845.94,12217.77,16598.15,72024.71,319465.67,12963.3,57933.18,35933.18,24701.53,2199362.33,2352.75,2869.95,10760.81,18677.95,7570.45,11111.23,472097.75,20043.01,148416.63,35073.07,45088.87,16388.12,1107458.04,75741.82,9524.78,3221.12,421385.01,6162,41579.85,9034.21,8287.3,16899.31,394946.28,35221,1077700.4,293560.48,1645285.93,39012.97,77281.37,3075207.17,21350,45674.65,111636.15,11958.68,37526.9,2447.01,32763.17,108578.05,30201.29,54637.64,15021.51,1629969.38,15783.09,703059.07,12481.6,91816.13,10034.65,5157.22,201031.92,15255.43,26364.13,18686.7,1165043.48,116887.79,2515.56,13624.03,121343.84,39557.17,279150.72,52288.83,2546981.83,1714.34,531762.75,15884.51,546656.3,270037.06,66300.68,305076.25,1039845.75,281419.11
180,Stampriet,8020.23,109823.72,620681.23,35794.92,11703.77,1403.27,296939.17,3068709.93,100462.31,124592.72,48272.81,147790.47,114643.68,1046038.5,7914.48,136514.25,91982.87,15625.79,48849.17,296107.11,10460.65,18889.79,49572.86,17496,1364256.41,7527.01,3254.78,3895.32,10721.46,7600.12,21275.08,822319.58,6046.94,63822.86,9907.51,15809.85,19484.32,1449331.95,48540.14,13724.39,1430.04,135345.26,8012.84,58298.99,7845.51,20853.96,5663.62,149947.04,33892.3,732061.18,392295.6,1035530.22,20490.85,50674.59,1330601.3,16996.28,34427.83,41896.75,14895.63,28149.26,22798.69,95824.77,140022.46,50220.73,29544.75,13074.59,2778898.17,18262.22,668089.85,13595.57,65510.16,14930.1,28055.13,165081.5,14720.94,14213.84,18826.6,1062933.45,161087.56,9581.7,3981.06,282958.29,66031.34,238304.41,120952.21,1186505.64,2653.93,834639.73,333379.42,998860.53,170582.47,396073.17,326931.62,1069520.14,695925.81
186,Stampriet,7611.34,37761.12,685509.38,15249.11,9212.4,5292.24,246260.66,2544485.8,153945.85,140365.1,22578.42,153690.71,136688.17,607406.64,12855.32,114232.3,86051.78,11533.52,70869.01,364382.4,15108.39,51682.28,37609.56,23741.96,2024806.27,3950.32,1516.73,11177.7,13637.75,4411.89,11308.7,437892.75,20870.44,141114.29,34233.52,52298.88,12344.37,1086023.84,96876.74,13060.91,3034.29,308306.73,3623.49,58360.16,7657.44,16487.41,23725.57,415791.02,36749.99,1069827.93,381413.73,1266527.18,33006.31,68426.4,2999515.41,22852.56,32872.1,119192.01,11821.73,26763.95,4474.95,36938.58,106955.26,23826.54,62572.75,16923.23,1081714,19641.6,575091.33,22729.93,101429.68,7436.31,11744.63,166482.71,14736.42,22126.19,39734.43,1071606.86,109825.92,1266.61,8841.16,83010.58,31050.07,276096.28,105373.02,2310974.92,2863.49,477383.95,151598.41,657490.52,367602.48,99506.46,208544.36,876941.92,358317.37
190,Stampriet,8457.6,163760.24,435198.57,16299.01,14651.73,2225.96,304216.7,2592671.91,112923.83,174232.37,27385.23,162364.78,16930.64,718144.57,8530.58,57326.32,62927.75,4814.27,64131.88,378993.38,9062.93,11059.73,29360.75,15307.74,1468436.48,27508.91,2981.3,4305.34,7233.67,5380.64,14093.11,716959.62,6101.03,120223.8,9502.86,7379.09,7685.3,798249.54,37050.16,10186.56,3028.31,70768.02,2975.43,17864.57,22404.54,7679.33,2201.22,186756.85,48268.07,899674.53,399820.13,490708.36,16162.94,96809.08,819570.39,15991.78,26154.33,31387.05,15482.83,16570.73,43714.61,116965.96,55282.36,71468.87,79745.36,25693.52,3006231.51,16555.14,528951.16,89523.44,84097.96,8936.29,14296.2,64494.34,27309.32,17706.3,9394.69,1043404.7,169634.23,8878.78,2479.15,157284.81,43240.57,222061.63,33932.88,1391057.08,5233.79,1206390.71,29691.69,643167.96,153346.91,84829.96,325155.54,741513.16,439817.59
196,Stampriet,11081.23,84003.17,461729.12,15846.73,18362.36,4014.75,409798.86,2421359.08,106203.58,125627.45,32324.13,176460.23,168944.53,900130.62,9856.21,87377.65,106667.73,10215.86,75427.6,371847.25,12060,46618.71,38524.84,27447.87,1842511.88,6955.28,3800.98,7134.81,21232.87,12456.06,27699.25,673055.51,12250.34,140519.49,14593.69,44632.33,11608.1,905429.26,63834.98,11678.54,2910.69,297114.41,3774.02,46306.73,10958.65,15962.8,6956.34,450281.58,37925.32,1259948.81,281957.78,1290738.01,19635.88,74425.22,2917205.26,18296.93,43755.74,63701.1,16303.1,35265.88,12057.95,48653.99,141444.81,43060.45,33201.8,21867.86,2344814.12,17932.55,493992.66,28462.55,88047.94,9300.39,7316.79,204904.45,14629.47,22029.47,23698.69,914843.42,170487.86,3271.23,2855.13,160582.12,65043.94,244479.3,64812.58,1643461.74,3532.53,1001715.6,10685.06,680995.21,405685.71,38794.24,242900.96,898336.14,528369.59
199,Stampriet,9385.12,250049.62,592070.22,30686.04,8345.32,1535.98,332422.23,3141598.27,101566.11,127691.29,35990.15,135247.15,131334.72,1176032.72,5727.26,101204.43,118412.18,8390.6,43439.12,351904.6,7037.75,25925.64,39711.28,24695.85,1595330.75,24583.28,2833.87,5235.67,9727.11,9994.94,12158.37,724581.61,4682.05,113409.11,15905.29,16291.12,15104.38,1228937.92,49547.06,12676.36,1332.47,234335.9,8177.31,98112.21,10753.5,17422.91,6701.22,317480.39,36918.02,1181961.03,396433.56,1403643.2,19522.64,50853.97,1052184.29,15353.22,39903.78,46065.06,16705.4,35369.1,51202.1,106005.98,167874.36,67737.46,99931.13,10931.72,3083258.68,18489.2,530642.86,38901.07,69520.68,17475.71,32309.59,165268.48,26875.36,14202.21,17999.53,864308.28,175228.06,9943.62,7721.39,201507.71,52806.94,217654.43,125591.47,1593704.43,4911.98,1098786.34,35161.66,875702.3,321443.53,164928.66,261430.71,1058842.19,644529.15
203,Stampriet,31105.76,62853.84,541337.18,46695.45,39545.2,8120.31,253336.7,2813178.23,439660.36,299286.22,36374.91,84370.37,186293.93,510651.34,17318.97,81567.61,180101.3,28470.81,81547.01,340779.34,21308.94,54965.63,28802.24,31279.75,2278133.48,9018.07,5171.55,14018.53,20680.24,12506.96,98442.03,426004.29,22586.49,112526.49,16763.47,61928.41,7957.72,964507.2,71898.14,8755.99,4347.75,343761.81,3913.63,43172.16,8293.15,7409.91,13875.77,437491.35,36757.93,1323915.33,339183.73,976767.8,35871.9,66988.37,2566034.04,11965.53,31293.8,130598.47,12405.87,28475.02,7303.64,41241,158735.82,17576.36,61150.25,19188.38,1932197.33,13058.92,585678.78,23896.85,115976.87,4011.49,5136.99,145471.45,19105.86,20739.11,24183.05,890967.35,93118.96,1780.54,4881.3,77918.75,21656.9,202801.67,63787.93,2645734.73,2065.63,786657.98,70793,506331.38,426121.27,107041.44,333977.4,1064925.95,392823.02
207,Stampriet,10967.03,224195.56,461590.53,19788.15,15038.45,2469.53,391114.63,2763962.17,95010.92,138948.48,39901.18,120266.29,47329.97,950654.51,8658.37,72294.1,106843.77,11937.34,64068.66,335290.27,8658.17,17110.07,35661.18,39777.55,1523824.44,26329.54,3682.77,5071.14,9103.96,24050.45,27020.76,839798.67,4906.06,109531.95,12641.87,7216.54,13850.04,1008009.87,41458.65,17606.97,2190.18,143751.72,3959.84,133176.77,27295.56,8072.33,4935.93,256416.6,39367.6,781943.69,447058.18,779952.6,23629.54,103834.4,1440264.43,15023.96,28243.36,33642.58,15492.83,22181.63,58742.77,115016.6,148231.96,63024.32,93711.6,23345.39,3376026.03,21482.96,523123.78,45598.36,74870.88,14938.09,25561.95,167771.89,26153.99,13214.14,16243.6,898722.5,204092.09,11322.34,2787.43,223059.44,62861.26,263102.08,91503.81,1274310.47,4933.77,1222458.6,37285.06,946229.98,286456.43,158292.24,317636.17,1164438.25,688998.52
212,Stampriet,11760.71,205674.5,469110.53,62110.35,9865.08,1467.46,319038.22,3065615.01,88732.14,113204.37,29883.71,153979.41,82014.42,875581.08,5872.72,102904.73,46846.57,11652.61,50439.66,345529.93,7874.61,28385.68,38924.35,38714.74,1309028.26,29521.25,2703.2,7303.53,9366.42,13382.83,27978.04,736398.2,8144.45,113181.62,5405.81,32488.66,13356.33,911111.69,55567.67,12763.52,1942.32,215056.09,5423.21,73317.83,13109.66,8976.92,11651.06,297266.17,42125.59,1170051.15,371348.5,741593.13,25853.91,44382.26,722440.23,26945.67,43227.36,52527.97,18933.88,36037.27,42380.87,86765.08,184979.47,55285.56,88517.14,18648.62,3122355.77,21360.89,537934.37,48449.51,97633.67,11025.07,18522.31,136006.47,21898.2,14829.9,17648.98,613048.96,192981.95,13106.16,4842.88,151746.63,47142.66,172037.77,83611.45,1773993.88,4319.47,1208507.88,14337.01,771566.4,121845.27,186175.97,233472.52,698672.45,517986.28
3,Betta,8710.56,69897.53,420681.11,28365.49,8741.73,5366.38,352735.08,2001951.66,118619.59,133064.53,25122.72,213939.12,46776.59,1032187.37,10869.09,122867.5,82361.1,12728.22,46081.18,289956.88,10747.55,33420.54,465120.93,22037.81,4427592.99,4493.79,10740.33,10666.8,49194.16,6115.64,26089.59,515496.85,18283.63,7613.35,31289.07,54107.59,8630.01,314761.48,140672.81,13209.33,3459.18,346646.37,7091.57,1524367.48,13602.25,3953.96,9137.61,159881.74,68096.38,1142594.66,250239.41,861481.26,10556.01,65845.56,3660649.66,3215.42,41857.45,87349.83,25562.68,32277.51,14042.62,138895.61,150443.41,45908.36,44263.27,39517.84,1971977.27,7455.45,426916.22,36650.11,172838.7,28996.9,17460.08,7712.15,65618.1,3535.23,1554.87,466588.71,111964.06,4146.87,6641.31,63411.56,33749.61,123946.27,45396.25,1627856.97,5363.7,969447.32,120923.1,881092.08,57715.99,342745.35,47903.56,141237.64,397486.55
9,Betta,5629.49,48603.73,576038.12,10427.91,6474.17,1579.25,237633,1642804.45,87690.03,90396.18,24569.87,140702.55,166541.46,1581244.61,6275.51,140229.69,34277.39,10979.18,44090.78,264229.07,9192.21,48149.79,849044.57,6537.52,3034352.99,1914.3,7274.64,4555.63,23166.29,5954.9,17227.14,494897.82,7688.29,4372.26,17378.13,22880.8,12624.89,586403.59,66667.44,16305.43,1257.37,231456.06,16276.8,26625.7,10328.25,4022,47863.39,70238.63,39626.65,1048803.91,155867.05,1244818.34,11999.83,41193.09,4448840.86,3416.18,40187.74,49691.2,15583.84,29338.15,7148.77,34316.57,140961.72,75490.77,34068.57,10492.7,1446998.68,9614.89,437012.46,33649.87,85593.75,27351.45,7490.69,15100.11,160638.12,11814.48,17995.58,943159.81,102804.5,2363.84,7060.31,124149.17,36028.02,116262.48,86018.45,1665269.76,3379.4,802655.82,76635.25,965420.53,25737.29,100280.41,22102.99,159157.82,327237.54
13,Betta,6581.41,41375.05,299644.22,21328,7775.61,9503.93,73044.28,1939045.51,115953.59,146682.31,21321.66,152819.07,46218.14,657866.7,5895.63,65444.06,21651.19,17850.71,54726.22,111440.32,7743.39,22720.63,237665.89,40476.07,1992733.99,10406.17,10494.35,5715.86,76711.97,3454.42,40615.02,414037.93,7676.98,8037.22,20962.93,24665.46,4203.53,244462.41,82367.76,13973.63,2214.09,303333.62,6517.97,49633.33,13252.15,2624.15,13027.49,208791.51,22850.67,1169958.07,281546.79,1120749.05,19321.88,54467.46,7025029.06,3877.85,25799.27,57443.15,9106.73,21256.55,7676.13,77072.21,58270.26,21761.79,31237.84,5669.29,1725231.17,6489.18,338360.71,26688.02,51768.79,16786.04,15908.38,134436.02,72181.88,3726.07,9676.76,574011.43,58215.69,836.23,8195.08,135025.13,30120.51,120276.37,32051.09,1826441.65,2118.54,329905.98,51243.44,628421.22,34859.23,86653.53,21092.44,252545.56,375355.73
19,Betta,6292.56,43413.27,590606.2,15172.15,6752.71,3051.56,349875.21,1948792.29,144866.88,119025.07,32789.44,160361.41,228530.17,570827.7,8604.7,89975.57,140470.65,14738.16,56969.04,207572.02,10990.26,55664.25,136667.37,30197.29,1168684.25,3342.44,7392.02,4141.74,109583.34,6680.27,26742.91,276543.35,8939.66,12659.8,22277.19,18801.35,7414.57,621720.89,51698.24,11595.49,1252.57,292224.79,9816.72,24191.32,10351.68,2510.64,17200.66,241861.17,20639.84,1137112.09,392640.15,1380680.03,24900.09,65440.44,4572869.83,5042.35,22482.15,65222.81,8936.2,17585.79,7494.03,43490.35,111274.74,26180.62,40344.27,4692.57,912555.29,10093.15,408893.41,23371.22,61658.09,18129.28,27584.52,294222.17,155580.93,9749.09,34747.79,1028311.48,76966.25,1979.12,9544.97,95284.04,30325.1,163479.49,120766.34,1912093.73,3095.59,671974.57,353669.42,1289140.89,38424.9,132143.15,30071.35,293877.74,414757.58
22,Betta,12403.42,5683.1,431383.29,14999.73,10103.58,5381.08,312279.34,1947040.24,136859.54,146531.44,44273.56,170079.31,77661.64,1044658.23,6561.83,133014.61,127634.03,12673.03,52494.82,112466.02,9651.11,35606.95,119763.76,78124.07,887946.18,2275.51,8789.1,6232.01,66898.67,12715.91,4882.5,1142519.53,8107.67,8563.64,13457.81,20533.78,7547.68,284869.92,56348.64,12765.96,1779.57,493546.12,7111.28,142825.18,15811.21,1916.8,11888.75,128938.97,18619.27,828569.24,341992.17,1261102.61,17509.81,76932.06,1865081.41,3417.04,42927.88,85851.05,9858.88,33483.81,1581.13,72577.44,134489.21,25719.3,49277.73,4581.41,2198208.3,9652.86,365012.02,1310.97,48509.08,12910.85,27745.5,367548.82,129970.97,10409.73,25676.31,965730.1,74569.1,1158.28,8177.03,423338.2,43526.31,143014.47,99659.06,2051484.26,1934.9,553741.12,72135.53,1111755.03,37089.06,426819.26,38539.86,66497.43,565883.4
28,Betta,7746.08,5944.06,481344.41,17941.05,11768.01,3999.24,173114.17,1306860.01,139418.62,144715.62,21682.98,202211.24,99817.69,291447.35,10364.41,78160.16,26441.88,13907.37,64764.87,143145.32,11469.59,34459.5,120921.28,69255.12,1119508.89,2138.08,6496.51,3446.58,75013.69,6122.48,7148.21,585495.66,10405.25,17625.26,18682.15,14076.78,5487.22,638487.6,50229.49,11152.44,2233.81,220432.78,8320.09,16624.76,13538.03,2951.48,64285.3,126007.54,16935.66,1208206.91,187187.06,1186144.72,16122.8,61184.71,5874769.51,3013.6,37673.82,54943.39,5674.25,23748.88,1606.96,22268.77,106943.39,25807.46,33244.13,5370.75,1130849.83,9618.99,391896.26,6857.04,68682.53,19348.08,17633.14,269929.27,225448.7,14163.56,36310.5,1140312.06,75233.7,1441.97,12151.75,176882.77,24233.3,157681.89,74093.61,1898812.49,1551.57,364812.17,10011.99,1127438.43,97942.23,16865.93,21192.23,336053.69,344642.37
32,Betta,6260.61,13754.79,312618.4,11198.79,1912.15,5582.98,78329.62,1193280.68,112413.52,105394.52,32261.71,130080.35,49628.47,370452.6,5700.08,193594.09,23156.74,8723.8,41385.46,88096.86,7128.58,22767.18,120873.31,60492.66,1080327.44,1817.22,5138.14,5708.83,46111.47,3864.64,44357.36,654983.31,13353.99,16548.7,18652.02,39609.59,5288.36,318752.78,56984.65,16115.6,3090.21,353144.01,14727.29,49300.14,5063.44,2074.43,22045.14,163808.43,22268.97,933030.16,208411.19,888574.35,18375.38,29912.58,3761127.4,2621.93,37816.48,78312.72,10832.11,33280.19,2543.81,53595.07,60633.97,26935.11,42268.68,5106.35,982931.33,10501.81,348692.31,23704.54,39748.36,15150.71,12620.76,117544.13,78352.29,4396.24,15735.49,540585.08,60323.22,1395.83,28355.54,151468.39,27447.58,97914.32,31457.29,1839010.42,1914.23,294198.09,44234.61,667726.54,201252.41,132104.76,17758.13,149419.6,455540.74
42,Betta,9351.48,73749.13,421369.85,25546.39,5669.55,5892.58,261702.05,1511695.39,139293.36,123344.56,28924.08,127761.52,11594.48,433787.33,6218.72,259542.61,67157.92,10506.71,48121.64,126709.93,9167.54,44126.43,188661.08,27315.99,4309158.46,3273.09,7068.22,9958.25,39206.91,8741,28936.65,373036.75,17732.85,33928,14156.27,46149.61,4007.1,306972.53,43332.98,13171.1,3737.34,644904.02,8861.37,44708.61,5465.4,3582.63,23047.2,536965.58,29940.07,1497128.96,245959.71,634426.72,25307.46,25436.71,1881187.11,4187.61,35851.27,107352.05,12872.34,31326.47,14591.08,84027.28,140153.75,26930.13,60578.36,10821.39,1526349.36,14290.49,419937.95,29413.71,51075.06,16476.29,12471.52,70753.01,110155.61,5076.08,11510.63,647209.21,77163.53,1962.78,20563.8,59825.87,36786.73,133940.21,64200.48,2223965.13,2691.5,490648.25,26754.14,736364.12,177662.97,429962.23,45439.38,133878.63,417453.94
48,Betta,6751.57,10871.29,410767.11,15449.11,6653.91,1561.74,131474.32,1429540.17,104899.51,108962.14,31651,160921.42,212854.91,512768,7455.96,85844.89,18146,8630.14,59998.28,171461.02,9902.03,44344.78,229591.83,23587.07,1716885.38,1252.6,4026.01,6351.17,33898.14,3377.87,9495.98,624447.29,12128.96,10081.44,20309.59,22357.52,4119.23,395683.89,73439,12894.4,1962.45,223375.51,14804.31,25213.04,8130.43,6434.73,75747.78,185478.2,23826.02,932829.45,168484.16,900998.86,15342.58,36773.74,9477930.1,2989.67,39709.44,53413.14,9359.47,29758.55,862.72,15315.84,140214.98,26295.66,31994,6682.02,1459112.43,10646.56,411939.59,42177.47,76498.12,23203.7,11573.17,121187.32,154671.86,11179.93,27013.68,826520.26,72125.47,1896.17,11778.65,173822.25,22151.29,146867.94,93772.12,1780175.52,2333.6,363557.77,9150.56,1093764.15,55940.48,29191.93,30041.36,777949.52,453870.8
52,Betta,38008.51,99047.86,364530.16,49959.06,113541.54,55179.01,163285.03,2425259.38,212669.76,141839.74,92718.12,81776.16,246805.86,418939.13,31197.37,119858.44,99366.86,43597.56,138834.52,127935.03,41173.86,18506.07,451722.19,9200.81,7551182.95,5452.97,8785.19,9545.98,29613.34,10990.79,7066.18,298459.2,14954.85,4707.04,46257.94,25833.67,10591.8,221980.36,154024.8,7403.29,6872.72,573057.22,3562.1,1640122.6,14666.76,3921.12,7319.11,116688.53,79893.17,2049991.08,383480.35,461455.82,20465.79,195912.54,1818977.56,6428.25,36879.17,122610.49,49510.75,23507.74,31229.98,286709.1,166280.23,31280.39,61483.37,91459.74,2398192.64,11561.37,185318.89,23531.16,184660.51,13669.32,6401.83,5315.91,61096.2,4777.4,5459.68,260778.97,79982.2,3603.4,2824.67,28158.43,30558,93482.25,39783.52,3446463.83,4459.73,611708.22,86029.45,547083.58,32205.14,227943.35,35461.14,56485.55,547190.81
58,Betta,5669.35,41675.01,791238.09,11400.84,9413,2714.07,313722.05,2243816.44,116559.21,84578.61,19580.84,229730.79,507674.78,1548465.23,13907.71,243254.67,41680.56,14183.99,41386.64,449496.69,16009.68,53277.23,752021.48,4903.2,3459092.12,2546.08,10512,4684.84,26241.93,4670.39,7479.44,649632.29,6860.49,3705.48,14979.64,16851.85,13458.76,768322.09,58435.79,15473.74,1546.58,212685.04,19259.38,26759.57,12398.87,3580.28,20566.15,71741.81,68625.89,970696.49,180731.42,958605.52,11541.88,44855.23,3995284.64,2842.04,65816.37,76220.11,22817.06,47637.23,5361.63,65854.57,127211.68,121446.98,47998.96,18771.54,1222873.59,13979.15,604139.62,19945.52,120646.3,28833.99,14462.5,12148.03,159076.95,12615.41,28008.68,960373.19,134396.86,3561.88,6858.08,131519.93,36414.95,129372.99,152339.85,1690326.88,3393.14,1121750.79,31339.75,966985.16,25121.86,79665.57,30727.52,134401.21,285968.66
62,Betta,11987.45,5330.31,392490.85,8509.51,4099.05,5826.11,287582.99,1331175.79,124501.2,131570.94,77038.36,105750.03,299291.93,476169.69,6544.97,219229.97,100094.59,7742.42,31076.63,150826.87,8606,33525.68,147862.17,36481.81,1811649.03,2385.32,9354.85,4273.35,83182.28,10941.33,18971.43,889658.95,9453.86,6624.37,15014.76,28086.22,4760.33,147964.73,66070.52,13538.54,2012.25,379676.1,13498.08,32648.19,10758.97,1894.93,10807.08,141484.54,23557.7,1036383.8,313207.34,1185533.12,9814.74,51629.66,3096672.21,4693.54,40611.09,84202.14,9900.69,38181.89,1392.26,51113.31,117273.27,32647.99,45357.68,10674.45,3073135.72,12239.24,242149.88,8710.74,33242.3,18999.71,14188.94,126226.97,102516.84,9676.4,10040.68,839227.27,67200.3,3464.41,17663.11,206385.41,48202.61,106504.34,125022.49,1837608.57,2080.62,330326.05,108222.8,899091.73,54095.95,233255.16,30034.84,189972.99,971301.66
68,Betta,8450.82,4191.88,440705.59,15304.18,21861.57,4097.37,240624.96,1904179.14,136698.8,176205.45,28682.48,172207.4,59362.92,305878.42,10342.21,89901.7,66321.47,14442.43,58966,208546.22,10983.63,34080.14,175154.55,62270.71,966411.34,1106.22,21784.28,3431.84,47546.07,12926.85,6456.69,986785.21,10525.69,6237.25,17201.57,14175.18,6897.58,283094.56,51996,11861.5,2767.02,218837.39,6660.68,18099.46,18239.82,1436.57,12428.35,81521.88,21298.84,1447973.47,262581.47,1172293.6,14225.43,105941.2,2258284.46,5689.09,37667.74,53531.03,5133.56,32860.29,1547.56,47854.3,78675.52,17937.39,31336.55,6637.24,1115105.88,12231.66,319348.64,5807.22,72910.58,16003.92,14127.84,261993.15,169193.93,19313.03,26566.12,908165.66,53484.27,1563.3,6211.85,319602.72,37472.44,116180.65,46492.03,1884769.03,2627.19,369192.58,22768.6,1084765.9,28528.6,22776.86,14191.88,74258.37,384639.76
71,Otavi,13820.5,52885.24,347460.37,22923.43,5255.7,5520.96,258194.15,1819418.37,131999.71,112303.37,38285.36,112313.38,118814.17,930127.56,8967.3,118775.35,35153.37,13155.63,39979.45,182807.99,7300.87,25939.93,548216.29,11993.06,3853969.21,17062.19,14695.62,7581.35,52262.8,5453.51,35847.61,675461.6,9434.03,5975.9,11138.87,24872.49,11726.3,343507.42,149532.87,15185.82,2127.07,295595.5,10026.95,736943.8,11377.95,3022.07,8803.59,123220.72,33128.51,1311585.33,225180.64,1069035.15,11984.99,38346.28,3085587.09,2604.15,29612.67,59948.92,15896.74,19409.46,6850.37,61962.98,81397.82,30767.65,36201.33,10526.65,2744748.65,11601.01,485272.96,23332.91,108958.48,20922.89,6608.55,13491.44,97433.63,8466.88,8143.72,744266.97,62081.86,1616.78,7375.78,109706.28,31901.77,122889.31,69040.54,1965323.71,3112.02,569898.09,56786.37,656823.9,38883.72,339550.88,46584.43,146593,532283.06
74,Otavi,8555.82,31647.71,724817.83,14642.74,9650.04,2425.55,248459.18,3277048.88,147715.42,97750.81,12534.36,312655.29,261972.23,1237302.46,14799.7,231543.96,17804.91,15681.16,46826.31,551650.53,17806.31,40677.1,606463.47,5064.22,4149217.47,2486.98,9738.08,9758.16,44728.94,3323.44,20648.19,783503.09,12320.25,9866.8,15520.31,15574.25,9512.91,506415.83,56857.61,15005.23,1478.8,302620.95,14293.66,41363.46,10089.65,5284,11987.82,49974.71,81585.62,959392.06,206841.98,942721.85,16329.93,48643.98,3003646.58,2133.72,70323.26,108267.33,28786.5,48598.08,1904.73,89612.18,159309.71,88804.96,64244.93,25908.85,1319281.81,16235.14,712073.24,19785.02,128762.54,37197.31,13988.81,14048.06,124261.64,16889.89,23989.69,813573.25,127128.61,2364.88,6468.66,137364.35,30225.08,111384.56,83992.25,2234161.06,6577.01,1415228.51,27619.88,832078.96,27948.45,31004.91,23765.91,129920,214235.39
77,Otavi,11547.97,124130.82,446174.45,36320.36,6030.03,1815.44,301665.03,2843182.51,98121.33,97588.71,30321.02,120997.74,123159.26,1423877,5912.46,220248.46,69494.06,8161.15,28839.76,201796,7676.02,34210.51,540177.03,7171.51,3424590.96,2794.6,6433.96,9046.36,31817.47,5920.46,32556.6,608970.52,10593.47,2849.05,17285.4,29328.33,17451.93,451151.29,133165.88,18250.94,1192.38,248078.72,17046.53,1027572.82,16623.14,5916.49,13459.53,81533.86,42948.43,915398.55,234327.06,777808.06,23729.28,25499.6,1970743.08,2897.29,35034.83,62459.49,19713.98,22859.7,20008.18,126097.17,149503.91,54662.11,43410.3,10347.21,2856546.66,14430.21,619632.93,36300.67,92807.98,33445.94,14178.55,7949.06,62586.74,8083.1,13225.62,724540.26,110681.97,3799.69,16274.45,114988.87,46200.66,158478.02,82865.59,1851516.05,2949.72,532870.65,97540.76,787396.46,45837.29,267405.88,109308.95,119364.85,421214.89
83,Otavi,6758.03,65683.95,799938.56,13911.31,8259.79,2708.37,389447.4,2358232.54,119107.54,119326.51,26677.53,163399.15,281161.86,1415667.82,14474.92,135798.35,141033.39,7494.67,57103.37,371728.57,16488,75827.55,465602.74,4533.76,3494066.15,2913.74,7251.55,3657.75,24130.62,9282.34,6729.19,486538.41,12594.64,10155.64,14546.37,43452.04,14704.15,755679.76,86380.02,9080.48,1524,260504.79,16242.17,34052.94,11565.5,5014.44,24901.15,71775.47,58666.54,1115353.17,253472.79,1321133.75,22086.15,59082.2,2549300.81,5112.4,55813.16,87053.69,21968.92,35476.88,8926.27,59399.16,120879.16,63744.71,54326.35,15314.78,1122793.76,15244.43,789324.37,21968.26,73216.68,18291.64,27934.48,22161.6,125385.4,17913.25,30468.67,1000751.49,104472.31,3422.35,6698.99,90402.35,25027.6,140023.49,151188.27,1921793.3,2907.98,862012.91,514239.61,1024802.04,25325.42,169130.77,60371.92,231959.37,374785.48
87,Otavi,16519.11,62465.17,470027.35,32762.16,3351.54,3325.27,224161.3,1573554.36,133131.97,105211.71,40541.05,113153.34,194307.08,1141671.62,6116.6,230502.79,51446.45,11959.18,32051.9,190323.77,8536.5,45103.83,641447.6,7751.17,3508821.44,3656.37,11055.36,9475.09,65862.01,7513.47,14617.5,664768.17,10225.52,4642.7,20811.22,37520.17,33784.78,441850.94,121925.08,16627.94,1669.31,281681.89,12643.84,80033.79,13854.47,5141.99,12697.75,94564.85,36284.72,989601.7,220422.52,611879.46,16656.08,45211.77,2349907.76,4217.85,26463.32,86456.02,15935.71,19191.72,10883.14,51856.31,116986.03,46744.35,50610.76,12671.13,2418084.7,12393.65,531277.04,32899.01,74284.45,29161.89,5823.55,19372.33,107365.98,6302.07,9345,655666.13,83512.59,2487.9,10824.44,111489.64,45414.13,134562.68,133904.36,2189865.1,3088.78,678329.34,34103.88,1031820.85,29998.46,205215.1,86960.29,158098.45,511618.83
93,Otavi,5045.31,33775.02,665809.15,11461.45,4668.21,3127.74,145247.09,2142611.89,118139.51,132543.4,17268.58,156879.86,126338.22,1447724.79,9890.2,178559.2,13954.68,13815.28,36995.16,318424.94,13630.51,70213.7,712897.25,7291.7,2877590.33,1681.97,8695.77,4376.17,46551.57,4258.92,5746.64,936839.25,13441.84,6362.37,11666.36,36878.92,24858.63,598842.08,36816.91,14615.89,1732.53,296092.69,16681.39,39060.57,10389.18,5558.59,17442.53,54761.11,64220.48,1165068.5,178337.07,677604.61,15089.1,40933.96,1604666.97,3356,45734.3,91691.27,22299.54,25263.49,3243.08,63751.11,68360.11,70267.87,52341.74,17043.98,1220979.53,13927.17,692062.49,20886.69,91371.01,33565.62,10245.08,14434.92,137186.82,16496.24,12973.15,957702.49,105565.62,1625.49,7777.06,164289.32,25486.49,118915.93,89690.21,2274896.65,5051.43,1078422.16,59753.59,829274.15,14866.55,46225.64,51137.2,130889.34,216866.23
97,Otavi,10702.07,157659.09,415348.75,7327.36,8006.31,2604.11,345507.26,1280445.69,142896.13,113899.8,30850.4,123670.45,35268.27,409342.89,5241.99,205689.58,135590.58,7288.15,38219.44,97600.62,7189.46,50529.66,113828.28,11914.11,2976883.67,2361.93,5777.31,9285.56,46928.42,9228.52,42897.38,627845.42,22281.04,24847.82,30102.23,37837.36,6849.97,239219.62,64393.72,13168.82,4158.98,692193.29,14311.56,62976.49,5777.36,2301.51,16136.79,484297.21,22692.3,926198.77,276259.61,1056266.59,28978.95,52650.05,4215486.21,4965.01,44007.11,88869.98,12468.02,34535.72,26242.78,43617.96,130584.93,22616.85,52840,7574.28,2294799.92,13259.41,378861.65,132228.27,57302.72,18924.52,8373.84,96977.5,141151.67,9399.75,11600.12,690317.21,75155.45,3021.43,28943.73,123136.71,36985.86,93475.21,56849.48,2256790.27,2368.54,326856.37,17752.92,609206.79,292080.2,225691.58,38139.78,140468.42,420387.1
103,Otavi,5536.06,11917.71,479424.39,1042.97,4473.36,1562.7,248445.19,1216620.23,109339.28,111807.69,19988.29,142434.96,286825.11,333278.32,5988.52,350402.7,61566.16,7723.4,48980.26,140759.37,8123.52,28728.24,88712.17,41893.52,790833.06,2117.53,3803.67,3027.19,39199.89,4801.01,39097.63,653225.13,9580.7,22410.95,18903.2,15129.18,7030.79,396442.06,44533.67,13865.42,1237.79,421346.99,18006.37,19166.89,6475.56,2805.91,115967.61,137045.59,16503.07,937877.44,243743.48,1025178.92,17816.08,30935.44,2979392.94,5277.45,46793.37,56039.55,8391.88,39040.65,2615.49,24284.24,103136.77,26570.3,35695.41,3747.1,1196889.1,12273.7,408745.33,24544.11,58371.25,20350.39,24344.16,238718.11,143979.11,15080.88,25314.51,1050393.59,58630.9,1717.05,29625.81,206455.15,19852.42,94489.49,76368.67,1880795.32,2258.43,319710.19,7080.54,997929.83,248640.88,38985.61,73449.21,251270.81,292810.07
106,Otavi,7874.89,121331.71,444060.17,28190.43,6863.71,2837.08,290804.04,3020175.26,99621.46,108996.47,36138.15,103678.38,50929.51,1133514.72,5018.77,436960.13,68501.31,13472.73,30114.24,224643.91,6589.84,34560.9,491926.09,5354.1,3809227.49,2033.5,6909.93,10930.28,32427.73,8959.74,41918.47,428034.27,11381.74,5381.6,18050.53,47253.23,16467.78,465167.93,150721.25,24259.16,1469.18,243812.27,18506.77,45002.13,12769.92,3120.07,16717.76,107693.36,41313.87,1089895.4,266721.13,1063992.92,21463.71,60882.07,2511541.05,3042.23,36484.37,49735.09,20595.22,25784.75,17444.01,120670.21,89693.2,57123.57,34733.5,11498.5,1979751.28,12773.82,559721.39,99975.95,82740.43,34783.77,20977.9,23559.32,98239.61,9594.24,8090.39,744232.98,101302.03,3283.63,21263.59,86614.18,40737.97,142171.58,156991.29,1983172.99,2100.54,606875.72,134047.2,829094.47,58283.18,137096.14,43047.65,167676.95,528339.99
109,Otavi,6123.95,87592.58,825865.64,12117.77,9664.52,2211.6,418454.79,2426792.35,122450.11,122980.44,26342.44,198428.18,185496.68,1694010.26,11106.01,269002.07,105075.83,11717.79,40733.02,397314.84,14780.41,43704.25,562832.14,4510.31,3406460.67,812.02,8675.29,6906.1,33321.61,6666.21,4070.59,543486.74,7723.39,6668.75,16908.59,12510.28,10738.58,599156.27,55926.65,11460.53,1639.89,186369.46,16867.16,24641.31,10399.35,1880.11,31279.13,54057.77,59367.67,723450.27,201048.05,1275793.27,15191.9,50400.3,2180445.69,4585.29,72038.58,73876.36,25151.8,46580.27,16140.47,79712.58,85788.41,97169.55,50014.21,13728.04,1069794.52,11716.43,531196.9,26497.07,122405.97,45312.78,32428.45,13373.27,120715.05,17017.7,29016.14,915655.61,124112.36,1455.56,4534.35,114175.47,21514.61,136301.82,122097.64,2204808.05,4752.43,1265946.81,583052.05,1100091.83,20183.92,130103.73,23329.15,104638.55,339021.28
112,Otavi,18692.05,83021.86,579019.03,26636.68,12703.52,11329.84,495451.82,2279178.35,237347.49,148059.83,50853.46,203336.88,87467.49,891754.13,18076.68,355496,154358.4,14524.77,65597.67,309189.52,13387.55,43380.74,265111.02,14235.97,5874396.63,9039.86,4931.98,20957.45,137522.59,11456.97,4767.4,561679.01,18821.19,6055.79,15698.72,57221.29,7659.39,376158.14,269178.29,13660.32,4487.19,271343.69,4160.28,652742.08,25321.9,4538.43,11976.81,107392.26,75435.22,1795098.48,490797.82,984796.47,71189.91,113705.64,3597211.83,5080.98,31476.37,129372.85,42819.48,23879.48,12943.92,144603.24,196014.53,36456.67,73567.25,41890.63,2189745.66,8848.8,338983.07,21449.75,115742.25,32800.68,13271.2,16312.07,110335.91,8301.08,12145.07,726160.62,111150.8,1543,3992.06,69241.39,9671.25,130065.1,131155.46,3024907.55,3336.28,444016.12,277231.43,595722.97,47277.72,1345524.23,101981.11,171348.93,583027.04
118,Otavi,3979.03,12975.42,646151.34,9841.55,1943.64,1637.93,175931.9,1695820.11,81149.62,2255.55,14982.04,200490.21,95409.77,1438955.13,5929.99,287648.44,17108.19,6800.43,48004.11,363451.34,10725.27,52831.95,912335.79,5564.08,2562116.95,1281.08,7107.53,4231.02,37252.5,4604.76,30434.72,682840.86,8780.53,11740.1,20268.95,10534.89,6397.64,466275.67,37716.67,25627.4,1049.68,216436.38,26196.62,55073.96,7460.57,7126.17,104339.28,38879.44,71168.44,932948.91,141662.16,744145.97,11206.78,24415.87,3329308.71,2732.27,71288.19,73512.79,27831.17,50211.31,1311.4,45146.34,120215.58,99352.35,45242.98,13623.56,986720.47,12869.29,513736.14,35688.96,108548.84,41858.5,9263.51,9258.47,129286.41,14713.88,35690.66,675366.86,107909.69,4875.32,19672.35,155146.69,15298.51,83618.05,60448.52,1706753.47,3679.82,1101721.1,30064.41,834678.19,39514.43,27313.31,23961.25,143071.16,208540.42
122,Karasburg,11345.42,6386.93,330183.77,18732.62,9892.56,11298.59,182722.47,1020562.69,150509.7,119796.79,36430.82,117183.28,50673.73,238676.69,9044.38,142382.19,40677.03,14731.51,36669.21,85333.48,8499.63,25466.3,51008.22,54240.27,761907.99,2388.84,5632.43,5414.53,45448.85,11661.64,16372.35,821524.3,13683.78,22810.51,20719.85,28404.84,5815.5,424009.15,35814.23,13587.15,2634.68,411030.59,11838.37,35323.51,8628.57,1442.25,14785.22,137642.85,17127.23,1004255.26,187966.9,1217176.22,19724.89,60907.31,2024982.57,4953.13,43164.15,81015.07,5508.56,30909.98,2266.51,49502.34,52512.76,16596.57,47103.81,6504.12,1646904.79,10149.78,392213.73,10458.89,32069.72,9856.08,8587.24,171658.48,137961.28,9981.07,11219.39,929387.34,47668.97,753.84,15910.28,252096.56,24745.14,105689.9,147680.92,2075013.25,1552,165717.04,217527.52,745888.55,113023.73,319900.26,18606.53,76451.87,433197.01
128,Karasburg,6698.58,27568.07,606985.51,19263.78,13675.39,3883.87,106593.6,1827982.98,126491.68,124122.99,27193.95,160343.75,17604.55,322030.74,10324.7,86878.37,11911.36,16319.14,67620.68,148494.06,13021.92,24109.01,135076.33,44294.42,894303.86,2094.43,6155.43,4739.34,98271.64,18600,5783.87,383063.49,35975.37,11712.51,13266.97,17526.28,6731.97,340077.99,72869.14,10015.02,3502.22,545844.98,6131.63,56548.86,15340.63,2207.84,16133.31,125188.44,24095.93,746809.18,248537.27,839230.08,36267.6,97335.73,1405631.34,4525.51,35244.92,117223.42,4535.4,32822.55,2008.3,46586.78,28366.03,11905.45,58060.69,7615.46,1028121.42,5450.14,342736.56,13898.64,93273.91,12176.42,11207.43,279298.48,122283.94,21453.98,12172.28,1062354.44,47931.33,1232.74,3620.36,121442.33,24702.81,106512.05,8517.89,2526073.64,2534.96,327220.04,72299.43,1253333.79,44516.04,60803.71,6732.2,25161.33,338821.25
132,Karasburg,15258.45,22988.87,374136.92,14276.72,6560.4,8354.27,254317.68,964750.75,174766.07,137426.99,38702.22,104827.94,126375.7,320338.07,8902.63,120288.57,98522.96,22921.69,43519.26,98949.45,9144.95,,,,,,,,,,,,,,,,,,,,,,,,,,,,,,,,,,,,,,,,,,,,,,,,,,,,,,,,,,,,,,,,,,,,,,,,,,
138,Karasburg,11313.82,25041.61,476564.89,14505.64,16854.61,4398.41,253370.53,1708396.55,149400.85,105499.19,35062.14,173317.08,132002.07,461474.91,9639.89,140617.76,74970.5,15366.65,50684.72,177436.65,10885.82,35602.43,132154.95,41465.31,1229656.94,4477.98,8835.48,4739.22,84707.12,16919.89,37443.07,491340.9,11672.98,12735.92,14698.91,26662.47,5843.4,332930.76,55022.21,14254.86,2411.4,550751.39,13250.23,25048.63,10399.45,2391.54,42709.78,230639.4,18611.54,1425586.27,256836.45,1487192.36,23617.62,62521.51,4842787.99,4606.83,42856.28,79392.82,8749.88,34452.67,4609.27,35125.93,90749.21,23711.84,42338.54,5578.16,1619660.01,8051.26,470687.35,36310.43,57255.46,21378.07,6378.66,211060.97,180549.95,15776.83,26557.48,864123.73,62490.69,1771.59,13563.44,147108.91,35479.22,149259.71,68256.39,2280288.56,2689,438106.67,40177.88,962625.11,46247.24,93847.75,24778.92,241261,585243.08
142,Karasburg,36088.83,60880.33,464189.71,42916.1,20304.21,26507.95,150497.89,2489224.99,257733.11,150990.87,43938.91,170032.55,762720.03,236975.89,14376.12,176789.78,90638.17,22006.5,50474.52,174152.1,15414.57,31374.93,52933.05,17322.83,865179.86,2002.18,5918.44,7210.22,55611.88,18833.19,41987.76,581848.93,32683.98,18881.58,13924.58,39245.84,4671.35,210070.86,44241.96,13963.55,1944.33,452443.76,14649.14,41656.56,6603.92,2308.69,12569.27,188930.51,18717.69,887258.99,341020.26,1541577.95,19915.5,71816.32,1719737.68,4564.18,55417.09,74011.6,10231.44,51918.34,10842.63,70514.84,119705.08,37608.27,45577.94,5125.42,2209329.97,9033.79,343372.26,37504.61,31131,17660,21404.32,205829.1,96541.02,6533.77,11045.11,770286.11,89647.58,2348.44,30129.72,219980.39,32230.09,79677.26,45113.19,1591705.14,2408.49,380258.4,70183.54,731346.23,107601.62,144295.37,22646.15,129752.19,607513.52
148,Karasburg,5334.04,28546.64,494766.99,2869.65,21771.6,3692.85,218438.63,1524716.6,145322.22,114493.26,17875.65,140730.78,106073.76,362940.37,10158.33,122792.54,65581.7,23908.35,50471.11,217728.65,11652.35,24538.03,153780.4,23188.98,1262698.3,2038.75,5649.22,2262.43,166154.26,19709.69,14912.16,385360.93,9920.58,8244.04,9814.43,17765.61,5117.75,478655.51,47593.79,11003.34,2346.29,298726.83,10665.57,20433.94,7938.97,2916.84,23301.72,192726.58,22855.31,1336257.39,235704.67,1410567.67,15576.55,71597.94,3675685.62,4765.46,36362.76,68328.01,6243.82,29194.7,3645.98,29470.07,55699.36,22286.22,38675.34,7160.09,723967.72,8267.13,435501.37,13325.64,48622.46,18966.06,30865.79,243770.71,156219.11,13223.12,27019.72,844147.83,56720.46,1750.09,8462.4,129326.56,26704.04,139822.92,49273.52,2094119.08,2616.31,498377.06,443344.32,990671.26,28538.75,186701.53,13805.57,206208.73,307383.76
155,Stampriet,6814.96,33504.34,299572.95,40672.96,4777.5,12395.68,66412.77,1027067.65,145995.93,133309.69,14834.58,96217.76,16862.41,350835.16,9022.67,86242.54,6662.51,12268.42,27057.49,105274.88,8572.55,29109.31,143894.87,46803.25,2112947.01,11090.78,4138.47,4451.83,56143.22,6587.79,17679.67,195849.32,15835.13,12802.92,17395.99,51665.22,2534.81,175140.46,53641.43,8710.28,6618.37,370646.38,8449.13,23450.58,11571.36,2132.7,13301.36,253462.25,28506.9,1028435.75,263122.84,834569.69,19787.33,82508.25,4576710.05,3619.74,29517.95,59180.74,9603.99,21641.87,8631.25,88470.21,55956.69,19150.64,34984.87,19412.21,2260683.23,6771.38,264070.88,25056.39,35663.96,16156.5,1607.38,49628.85,97078.4,10122.34,4876.33,786315.86,50022.91,1317.59,14180.47,29131.1,21468.87,109162.07,26924.96,2012570.56,2061.47,301172.03,6077.84,428319.77,113194.33,44009.13,23882.83,246610.78,242175.53
161,Stampriet,5648.67,21105.84,433372.67,13018.94,19941.46,2822.64,111665.58,1402453.91,120186.98,106157.93,19806.89,125723.8,168618.6,336315.43,8638.54,96743.48,20612.66,12214.29,46896.14,171045.76,10132.5,,,,,,,,,,,,,,,,,,,,,,,,,,,,,,,,,,,,,,,,,,,,,,,,,,,,,,,,,,,,,,,,,,,,,,,,,,
169,Stampriet,11829.42,18652.34,363567.85,20700.71,9075.38,12055.31,74939.43,1148020.56,175663.62,169727.11,53973.53,112510.81,35824.5,328493.43,13764.73,166573.42,12226.82,16781.93,52224.98,89893.43,11704.35,21142.61,70092.23,90201.36,966891.41,2422.95,15134.29,4958.39,48794.3,17420.86,1661.34,850348.06,14532.28,16423.59,22276.58,28275.6,7357.37,251353.56,47580.23,12413.44,6991.51,352039.03,6086.81,26270.11,32051.13,2573.15,3094.22,174656.81,20134.71,1423648.36,416817.85,1411908.54,17936.43,227579.86,1679792.55,3137.65,33202.25,70159.9,7845.93,25303.51,4449.65,88894.83,47148.67,17661.78,39574.85,11216.05,2417075.44,10851.77,324487.48,7221.97,45180.71,13108.91,4482.15,177482.83,107245.09,17131.03,6032.79,1162275.54,52933.91,1169.02,7924.4,277854.57,31439.67,141655.58,33198.63,2135630.7,2224.52,250764.02,30723.66,823418.79,42619.72,223186.31,40613.15,84019.21,647933.34
175,Stampriet,34655.65,60067.98,495359.64,40276.51,45232.79,11188.71,126193.37,2872308.91,445839.85,279490.79,14196.53,113880.5,463242.42,410087.15,20682.56,115668.92,126526.35,42269.58,84377.6,288296.43,17908.87,36285.09,113257.38,41902.34,2272863.34,4356.82,6611.87,8389.22,181511.69,19378.87,3853.34,299842.91,53058,15614.17,20994.1,32022.42,2429.81,257308.37,119492.04,8991.96,5157.04,890904.54,6401.29,38381.89,7370.93,2251.27,10827.06,320286.13,32589.37,1567729.97,255855.04,976554.42,17110.8,71499.64,4117149.55,6289.38,24210.47,186958.04,12111.74,25507.38,3821,84800.85,105330.93,14220.32,83195.46,22606.65,949909.08,5054.8,262998.96,4804.52,92524.94,11242.83,4459.27,149208.82,174306.41,27447.7,10969.2,743385.88,40714.4,1821.12,8616.05,57065.87,33872.6,100426.28,29530.88,3012783.28,3000.19,263895.39,10605.34,694928.4,66850.14,8037.16,8019.92,128067.85,219870.15
179,Stampriet,10967.66,24069.61,380945.69,35587.87,10220.32,14331.62,252768.11,1371106.38,170556.75,123665.28,25886.67,123457.45,24438.62,407887.64,13321.1,90669.21,64612.49,20658,37392.08,133384.58,12259.62,34076.05,85674.55,95039.18,1975283.56,5128.13,5956.8,5185.54,101280.03,6413.45,13367.28,783687.58,24795.15,20143.32,25758.7,64197.78,7366.8,405086.29,55507.49,10545.07,6568.76,376779.55,5522.37,40475.01,17718.95,4952.24,16724.35,265429.56,39475.22,1644884.92,351120.29,844860.24,30912.31,155920.69,3069696.54,3552.01,38944.35,95116.49,9934.61,31487.66,5963.68,97649.4,80980.77,23586.37,51553.76,24392.16,2066084.08,14096.65,391835.59,18161.95,43175.27,14139.37,16213.79,102290.78,137526.86,11161.56,4835.54,837450.53,67051.89,2110.98,11801.83,133034.09,25319.1,163379.69,74519.92,2296245.66,2408.54,344220.49,106088.93,776148.69,137655.51,148080.85,37223.4,337557.5,439706.86
185,Stampriet,5353.04,38108.11,586477.04,12456.13,21961.1,2540.23,224912.09,2160396.15,115263.34,113454.51,20190.52,111867.51,141278.93,351524.7,11413.97,93264.01,68907.89,13411.59,58129.13,184035.18,13244.25,23298.98,122151.76,26996.91,1096791.35,2887.71,4851.26,3479.93,116118.46,6540.79,11269.48,382149.35,13830.87,12681.12,21770.92,18299.47,7529.17,551672.04,57305.98,12066.29,2407.82,432370.43,10287.7,23951.3,6597.54,3117.93,21330.5,213256.36,23111.96,833423.41,303971.2,1127038.27,22667.79,48413.02,3698606.73,4631.51,28039.12,79061.72,8927.57,21172.31,8481.26,61932.42,70892.82,21894.07,46005.03,7795.75,652094.56,8757.31,444594.21,16960.02,60021.88,16204.12,16924.94,231134.32,163070.56,15168.13,33737.38,847467.62,63676.24,1869.1,8821.56,112826.27,29083.07,137607.23,79797.44,1879568.72,2026.19,416900,279032.55,1179077.95,38163.41,96034.03,19562.83,291138.79,329291.58
189,Stampriet,6423.32,21937.51,254042.78,45673.18,12129.28,6158.28,304403.96,963199.5,145687.5,124705.55,20231.43,114360,42244.64,203052.85,5071.56,79115.11,120955.56,7156.71,30909.16,82526.02,5921.3,21746.41,46887.13,69190.39,828399.37,12607.16,4600.88,3593.4,50568.74,16282.39,27123.4,521999.4,12579.27,27839.76,21945.95,38906.18,3333.96,201730.95,31685.9,10081.39,4861.53,414566.55,8848.07,17591.25,6932.61,1779.15,10698.77,240868.65,18249.41,1150513.86,203248.73,957870.08,15215.4,74587.22,979834.7,5100.37,30541.12,58428.31,6645.61,30293.18,2338.26,54930.03,50848.4,16143.27,27798.99,7539.18,2143427.53,6938.11,270309.39,65946.39,32065.36,13695.02,5461.9,112773.05,112867.44,11911.07,5148.27,854548.02,46859.28,1093.87,16573.27,148910.27,35700.21,77247.3,32690.03,1824171.58,1835.34,191025.05,36248.08,566536.85,90463.93,246727.67,19719.36,61708.51,423154.94
195,Stampriet,9036.32,62594.45,403594.2,11655.37,17413.11,1803.2,320736.41,1676483.4,110340.22,130236.25,27796.34,148434.04,364072.23,525392.08,6962.19,107792.28,115424.6,10300.83,48755.56,215344.65,8106.83,35570.76,171654.31,41994.88,1307362.75,5990.3,6195.2,3703.53,204159.21,10929.72,54934.31,385895.18,8332.61,9915.95,27622.33,15268.51,4667.1,280909.71,54426.44,9416.43,3511.42,419284.69,10250.82,36980.41,7846.7,3037.64,11386.42,231081.52,25978.75,1096637.62,260395.28,1565488.09,14471.59,51687.08,4392761.33,3294.22,37820.83,57865.07,7839.31,32507.09,9403,38710.33,146443.35,26795.17,32211.49,12592.34,1857763.67,9320.86,509638.53,29651.47,67730.39,19640.55,6657.97,210656.87,121348.17,15152.55,14202.27,897197.21,75551.24,700.4,8667.84,117794.28,55480,101218.02,64333.43,1712457.81,2339.33,628927.91,12226.07,1059622.16,56634.82,21445.47,23775.72,230786.57,475172.38
198,Stampriet,6435.8,73482.05,401298.25,24218.63,1524.21,5668.67,358413.83,1231727.01,134778.01,94236.6,18388,120557.56,130877.35,433708.74,8451.34,149982.28,97338.05,6214.53,25839.89,166883.37,8943.58,50221.72,84128.71,13169.14,2622739.78,4985.43,6407.57,4397.69,63604.56,7142.81,57709.08,322084.07,21978.41,25094.26,38738.36,39558.07,6774.56,221776.92,28413.67,7287.11,2963.73,744112.01,13567.62,43814.16,4689.71,4011.67,28353.45,420791.05,29583.92,1272181.34,282363.02,835057.72,14588.03,48318.17,1293789.86,2676.21,44103.14,112588.22,13399.08,40362,12854.26,80333.77,105959.55,30627.35,59142.14,16527.67,1924228.18,14307.16,327171.75,47609.19,37229.86,16219.99,10807.49,77110.66,88498.02,8016.57,7725.92,470755.54,66818.48,3542.32,29286.93,65424.49,29912.43,91245.42,103326.34,1824773.16,2875.79,526210.9,17826.04,658092.05,546225.76,265092.6,34181.31,105806.6,315931.03
202,Stampriet,9717.32,39596.85,602166.71,11281.1,28502.27,2395.26,310813.17,1999339.54,148872.83,143296.38,39705.55,156180.78,125156.02,345786.74,10797,66730.47,93650.01,22867.01,68617.12,195613.53,12108.94,40178.46,192833.5,37994.96,940733.86,3410.89,9046.14,3940.31,162329.05,6863.87,33270.46,394773.75,8268.68,18940.62,14466.01,23756.39,8415.94,501283.59,53413.26,13997.35,2939.72,476649.63,5457.73,21600.24,9326.22,2282.7,16321.65,235158.89,20258.46,1343728.64,390298.69,1272482.2,24117.68,72894.41,3585693.68,3832.77,32977.12,75871.39,6360.95,29505.62,8096.73,40641.23,71562.74,18221.66,47235.42,5961.76,1127845.15,7196.99,372986.23,10313.13,69963.15,14956.16,22373.5,398480.31,212705.38,18245.43,22880.92,1196816.96,61226.29,1313.99,6901.18,135010.69,36721.36,120581.42,107450.72,2013596.68,1826.72,641519.19,91375.36,1572546.82,54882.79,56099.99,16686.22,150964.54,555819.48
206,Stampriet,9236.63,72811.65,419674.23,31347.57,8547.45,5051.86,317008.65,1760193.08,131551.65,139332,35642.17,98856.06,185262.6,864751.91,6136.16,69264.25,129704.25,8647.96,34700.64,168675.18,8426.15,29694.67,103237.85,35538.72,1451869.56,18243.3,3280.54,6156.67,141010.17,36885.06,11897.58,424693.6,7346.17,10259.35,11880.15,21227.87,4661.28,263362.73,49886.81,10189.09,2297.49,426183.29,8075.55,176739.16,11612.57,2712.39,8235.62,344477.63,23924.18,1439105.68,371500.89,1388484.31,17873.81,59920.11,3033660.77,4476.87,32663.69,65721.74,10775.09,30948.02,14059.93,81766.52,172793.71,28327.68,37991.57,11810.18,2592663.64,5103.66,433702.8,21963.83,41016.06,21748.65,29966.97,190470.91,90257.39,9687.32,6336.14,676800.21,82004.97,1961.86,8236.38,138004.69,58010.09,109203.18,58507.99,1554525.6,1387.86,502979.32,87019.63,876657.41,31008.5,525554.98,57164.15,247104.99,774940.3
215,Stampriet,13190.52,18393.27,369326.71,18385.48,17505.9,18490.83,126416.79,976304.67,240986.12,220073.1,13052.18,146232.97,24125.4,326193.13,12693.62,30766.38,61895.13,27453.42,48004.38,121985.92,10466.21,6326.5,63646.03,42710.56,1864078.57,29528.12,5306.09,6361.53,35801.35,28177.17,17533.13,325115.14,11347.85,19703.89,19170,9744.96,7066.66,389705.04,41959.99,8015.54,10852.65,344081.11,2278.92,13674.01,12888.53,2453.55,3141.99,210290.55,32852.1,1500143.71,254238.7,551515.46,32620.61,483930.08,2450245.39,5420.96,35815.22,48638.21,6379.18,33614.46,8682.03,95359.34,88095.78,12000.03,31002.06,23167.91,2118217.49,4275.73,252703.68,40835.77,40586.49,8759.68,4404.82,94630.27,72828.29,7331.73,3102.84,834690.72,49961.15,1360.95,2766.8,74353.39,24931.17,159580.7,17637.48,2366075.51,2538.69,291619.68,28341.3,559521.42,42542.46,54971.48,16352.82,122870.42,314317.24
