"","M113T44_pos","M116T39_pos","M108T41_pos","M188T297_pos","M494T646_pos","M116T48_pos","M220T38_pos","M263T291_pos","M124T33_pos","M180T38_pos","M245T46_2_neg","M275T47_neg","M191T82_neg","M242T59_neg","M322T53_neg","M199T46_neg","M258T41_neg","M339T37_neg","M259T42_neg","M195T42_2_neg","M306T80_neg","M171T43_2_neg","M282T218_neg","M135T43_2_neg","M160T262_neg","M347T101_neg","M160T45_neg","M173T36_neg","M174T41_neg","M130T119_neg","M203T264_neg","M133T56_neg","M188T114_neg","M122T103_neg","M288T106_neg","M164T229_neg","M87T82_neg","M375T333_neg","M124T38_1_neg","M180T105_neg","M243T133_neg","M323T72_neg","M151T114_neg","M283T230_neg","M204T285_neg"
"4",1.16001485045992,-2.83227678285603,-0.425682091940857,0.148164418890821,-1.22864943905883,-0.478304562520435,0.0286532149821086,-1.46470451214446,0.0854535436942108,-0.12689021170443,-1.06691588539102,0.283337805778432,-0.417542912178296,0.138737846589781,-1.51318664326917,0.121256491570093,-0.399991031127912,0.0322070918926504,0.878409622614309,3.16777699325869,-0.449849084794598,-0.148082738149588,1.88082361669398,-0.0806793462729849,2.31019748264105,3.77852331678341,0.341142426270485,-0.720590256002446,1.02260432248068,-0.427803399997421,2.97641543925755,2.19025132645564,0.138761739380734,-0.73576212260408,-0.560019860778113,0.765326976622027,-0.941158606802251,-0.220986793601339,-2.77202625669027,2.00109377989906,0.331566462999647,-1.6345599184802,3.43529449858493,-0.943766727536888,2.11700503887143
"10",-0.605810016102935,0.462930408877844,-0.60264711455114,-1.15105248882104,-1.27968103958751,-4.06305801710851,0.257602309227896,-0.577575674306344,-0.377223500489856,0.186450985073324,0.61080813180047,0.4914743810122,-2.8140446124244,0.414546877504463,-0.478292218443187,0.35126124304281,0.662308768399442,-0.108163485943506,1.84005615432032,-1.40596646263337,0.701447967716997,0.841566842974923,-0.959361594779208,0.24667532222268,-0.704580236605314,15.2445548217461,0.238009136321203,0.235986149033608,-0.432671887615138,-0.348882799892141,-7.35846000773334,3.50752874744501,-0.617458413566387,-0.142270307241953,0.549934403531954,-0.427415346277339,-1.29407576696323,-0.705755255332067,-0.64051467053019,-0.252152293332501,-1.48660405915713,0.522303938023617,-0.781799911563008,-1.17979860839003,-3.49037852259316
"14",0.0915572772141773,0.622540874591845,1.11737823496675,0.491237247312118,0.142370065571868,-0.998981549908843,-0.0392598018082776,1.12223967819401,0.87578186586171,-0.24436656185554,0.8999552630831,-0.183974425362727,-1.5044844963002,0.678596910254979,-1.09284149772705,-0.298486642042824,1.49355347257761,-0.138579072726676,-0.670376331581881,3.99353889649311,-0.375681928294332,-0.545772765336088,0.767535507455535,-0.436813367290565,0.435364739683798,-6.89123188355416,0.0569581477636537,1.35249291270907,-0.529158773698531,-0.700297145838391,-4.35954592836968,-0.414607057056361,-0.395908338527748,-0.580502689230469,-0.625283612335628,-1.21064300489361,-2.09265445618706,-0.233616392989431,2.24658781380457,-1.61965484615043,0.559793186331758,0.0975122755370619,2.62348813640508,-0.542642816476126,0.892937212422208
"23",-2.17227186118998,-1.85959933065431,-1.04859485872824,0.339227698277353,0.521542852645551,3.70205844051795,-0.476043281974055,0.393047776360499,-0.862367282784394,-0.334981355160803,-0.461507214298653,-0.252059810582205,3.55736055853276,-0.239359555087001,0.863978955562577,-0.189469182669366,-0.0400105583414077,-0.267204980199793,-2.71415392870011,11.2772014019483,-0.247231209727604,-1.76041275562367,-2.12588686274239,-0.643193529335102,-0.769007471916733,2.54273334790857,-0.57241865517426,-0.565945711713884,-0.920001572309325,-0.502076115293211,-0.650522350969032,-0.567980097172929,0.17988399892286,-0.511257697942522,-0.222735111674755,-0.525474474124895,1.12264121397591,-0.114736976476539,-3.36216135885285,1.26433444940144,0.423800948290954,2.10826089035092,3.20269643189761,2.260653490329,0.381161130408556
"29",-2.15146850494508,2.6945735949531,-0.914864713653237,-0.618697857029723,-1.22381595489434,-1.59731598728492,0.0750849237926767,-1.16770289703966,0.324740423588577,0.141916476386533,1.73992174915429,-0.147311327249435,-0.616021187325268,-0.0597482180821074,0.98250452986842,0.360479717702797,0.13288123280255,-0.243427438677473,-2.16382907155579,-1.45239493567603,1.23982967203732,-3.16099827709176,-2.86684321743099,-0.446001813525979,-0.64718293498151,8.60879367717999,-0.0850836320612851,-0.387773534361029,-0.919155837912019,-0.402848663363839,-6.27755032036125,1.25928187214437,-0.147036228331503,0.100658744782802,0.800623541781467,0.103424638989814,-0.556228916172492,-1.0204979391842,-2.31981281147583,-4.23470117076424,1.26984033300695,0.275802720801119,1.50963134329785,2.2506554604864,-1.18098410041777
"33",1.93516181173327,-2.60755217246347,-1.07705843719281,-0.637375810807445,-1.56464747700014,3.7218954563027,-0.413084540489188,-1.21088106444014,-0.602563325586411,-0.602729356283971,-0.873802835309633,-0.330844371376219,-0.205306374705871,-0.482281944309001,-0.970517434233167,-0.295430345645817,-0.714996236487751,-0.269555812377023,-0.274893719955334,10.0917041681437,-0.428010778330543,-1.49312599553427,-1.2242548594611,-0.517764999149863,-0.980020448460321,0.880913853427533,-0.528854643416209,-1.294234169471,0.0610133140971792,-0.0393968871992128,2.07806874103173,-1.06175070214559,0.317251309719655,-0.67088278726771,-0.497216010363097,0.0369197018727363,0.990258463496736,0.20598732613872,-4.27368422824782,-1.58880294340722,-0.0876454932424292,-3.39101122975273,2.66863331773704,-0.311388345647322,-0.397111368142174
"39",-0.527549931447855,1.63498481068438,-0.85738617142934,-0.541924377628339,0.513425913548086,1.15019445427096,-0.0068752646875134,-1.05647470077404,0.125413075245012,0.0567034511397739,0.88254840758413,-0.192329257973238,-4.01915048306535,-0.235187680128434,2.14996998648337,-0.0956563426153692,-0.769275091016004,-0.241306566162325,-2.97461219465051,-0.807257139046144,-0.196897497633822,-2.4683642928976,-3.16985102446704,-0.395579964231851,-0.172860178565979,6.09069719881332,-0.422209578067239,-0.689825687868182,-0.694557335425204,-1.04620977376444,-4.40051778547033,-2.5134627848981,0.327686556298929,-0.184442966265254,1.24970584192237,-0.777866610610026,-1.77055953033524,-0.334094751759476,-3.51155817133664,0.589665177883443,0.253838662365685,1.3779429902353,0.76219868047104,1.32577856810398,-1.58896456135566
"43",1.71793033713708,-1.14593793795955,-0.7148155385227,0.488480459479503,-1.53055942278402,4.32681731080222,-0.37182751488406,1.01230041753044,-0.394722539352559,-0.314399858550886,-0.623721952419185,-0.477731397970705,0.250342638021484,-0.539981658232865,-1.26515827940132,-0.38854943037495,-1.10110005478426,-0.255434223153999,-3.34015170298841,-1.20538554112384,-0.428662963734672,-3.11462665266913,-1.44967753583115,-0.264388462158484,1.13012227708906,1.80203347848352,0.198867007283305,-0.990051151076098,0.450703869421997,-0.186693862974081,0.54440604655293,-1.07294009696541,0.516563937124772,-0.557310568674653,-0.0863128405892177,0.881531497273103,0.250362790966891,0.642591269822019,-3.72006718742798,-0.361086719658532,2.51311837739912,-2.6371581981295,2.32580511940115,2.11235982940179,0.69502092643432
"49",-1.77310411843359,-0.576695197879039,-1.1098053219833,-0.910318050021757,-0.188932546504339,-2.64755253901125,-0.111663255030979,-0.839589792244682,0.476040368148364,-0.0922177129248022,1.03839150321304,0.239143735782797,-0.416008932641557,-0.277102241649205,1.49028502806725,0.0746985028280747,0.00730077428615942,-0.240107527776083,-1.779516765999,-1.38735215214194,0.933491346621371,-1.70041223951827,-2.65729645242452,-0.478418808570855,-1.49749196640782,14.4504074855171,-0.350033646550519,-0.71153801108909,-0.850936178226171,-0.567374166889798,-3.51968578250189,-1.75575726042757,-0.0178906837316787,0.0209153637442364,0.608906388559277,0.0266820006453531,-0.471236875292033,-0.928260394927534,-2.53171509650605,-1.69827421418676,-0.420202346749143,2.45554791082057,1.35569048194913,1.74090379738156,-2.3326430320949
"53",1.89907550205559,-0.667011446849383,0.522459581145398,2.91960751028236,-0.254114689727158,3.07693634171789,-0.0587389299815252,0.426731350054221,-0.338389676610291,-0.108820608724388,-1.04908242983924,-0.0973240514784575,-0.381819219436984,-0.275986188963465,-0.716115819018608,-0.586620677717373,-0.575792545470113,0.0757055250645023,0.0272933168846932,-0.233655454786312,-0.429877710913057,-0.626109205391575,2.66024895799938,0.109908565864413,2.50297296730134,-2.09288960881669,0.602577672340749,-0.430554119902212,0.922061142746478,-0.230875864528833,3.14936584372314,2.4116230366455,0.237239979679179,-0.441825776168848,-0.0903709832090066,0.215655468913284,-0.87719487559603,0.221727863234578,0.0841979666038972,1.33836958050473,-0.190793703622033,-1.75891008023112,0.800678115459806,0.287803849138746,7.17400986309192
"59",-0.0289040605323366,0.422982524756118,0.736937050353142,-1.1064988477023,1.50339591054625,-2.93054783995946,-0.128338852142973,-0.783643548067208,-1.07005695778809,-0.20086222907629,1.39212988732807,0.115648125301819,-3.87967175424405,1.08329533622279,-0.0874654751678475,0.111603710349234,1.94062902680272,1.07621889994175,6.42170656873481,-1.25229319987136,0.171836220315989,3.72049749513765,-1.5486526865461,-0.00730389412780042,-0.328974434349357,4.14378159100708,0.224701474116253,1.04281654801374,-0.17718269187947,-0.649683172821416,-6.34326785430005,0.824695974312985,-0.557164698101874,-0.108771855004773,-0.0881082719917525,-1.08378718302494,-2.44754691445403,-0.393139535699685,3.16616190874943,1.78027595522863,-3.99821912929673,3.58170039107713,4.37848731967036,-2.79812697875908,-3.55710074295357
"63",-0.691308394725033,-2.50598122788473,-0.876242872048418,1.49392247093466,-0.597774523084757,2.02915178043223,-0.407904235725428,0.377842388115333,-0.754576590395652,-0.253310779536941,-0.241438199621506,-0.199916005380345,0.213198439241349,-0.369517817719058,-0.776312525304203,-0.183594575505566,0.0326210339561438,-0.210080771999736,0.124911273812185,-0.673237952297852,-0.591293255942261,1.01426385876076,0.915744303690048,-0.536909865602328,1.34206435120224,2.61050537110712,-0.209700048386504,-0.842856264619497,-0.403548956405844,-0.0261524920154634,2.11010074774901,0.530232874135561,0.302543739003087,-0.4052349957352,-0.106375625447182,0.369398952486851,0.986924111501307,0.532744632963018,-4.00786232720269,-1.02018268126183,2.1341669077049,-1.93330127941758,3.11412070561732,0.047792533538676,5.50916434409381
"69",-2.14039831507327,2.17080380468556,-0.373772418597891,0.0243733384512366,-1.57432638589611,0.398545660774422,0.264569046999015,-0.970085092247286,0.35517236168929,0.35811931630748,0.868135811572592,-0.264241221853216,-1.24877365403491,0.179268845336919,-0.682833784374047,-0.160935487408884,0.5923840387481,-0.0155839518894697,-1.74070744577216,-1.3631557255094,-0.275385987633607,-0.238213851592892,-1.72571411884632,-0.106396586455935,1.29239631503499,-1.95469580604042,0.0648957462679082,0.217257578418963,-0.918094775868678,-0.673295170001264,-0.978078814306603,1.007075013427,-0.178260931428179,0.710604362649497,0.628317934109401,-0.749878580013865,-0.286781259489774,-0.0973638563872961,0.289764247853652,2.42524534855331,-1.35745098670402,-1.39810619860318,-2.40769214825097,-1.46956237419729,-0.608888596687718
"123",-2.11755136770712,1.00273975759714,0.0291807060924089,2.19726727019222,-1.02910748687071,5.31317405567157,-0.308768487316595,0.475653021677448,-0.212233110748105,-0.0709194191575713,-0.854349429015656,-0.384663144056736,2.48084728259417,-0.463912021762065,0.889697202548864,-0.279659444430789,-0.988025701373615,-0.211913090525094,-0.64467364439621,-0.760418876366882,-0.303360807385962,0.312276626580612,0.937891159449896,0.229064106647907,2.32587541595028,-2.12467193908761,0.445192983358828,-0.294677083646146,-0.876018836526639,0.356692552843501,-3.08743304638382,0.413728584407337,0.190292650697166,-0.226712071667065,0.270020316691494,0.969921564036748,1.63218300335132,0.036811811462407,-2.34451334554395,1.0437561751167,3.35482821667495,-2.40776833303645,0.546876308290051,1.46756959550006,4.87397780702885
"129",-0.823853895039135,4.7496855960824,8.65975151698649,0.307706698820736,0.564281681005178,-2.92892871268472,1.6530257897886,-1.12741222122947,2.34606016336724,1.30953870269518,1.22160891993209,2.98549274705648,-6.23424772215306,2.24381842893862,-1.17737808852813,2.97748191761194,3.02550659251047,2.11688492514609,0.490194343813437,-1.48782561285891,2.30502717194183,-1.25248267868604,-4.10186836620742,5.5181343208129,-1.64951977135655,-10.212099098184,1.65214979986407,7.96875853633544,0.373289557575278,1.19792429616196,-14.774801914456,-7.9021121311302,0.45431454076007,1.97979970760546,-0.298244715503316,-3.29837935160628,-1.73765307506732,-1.10188086956855,31.3664372540951,-8.6924254987989,-7.89274474447225,-1.21504963836509,-2.24753334843111,-5.61003548436831,-5.79068961555968
"133",0.529917261097699,-1.89562326905009,0.0210037428601159,0.323277895072014,-1.27592642134389,1.69314483843487,-0.0776342916103972,-0.317118602092302,-0.86222330883409,-0.124128861571433,-0.496034378309954,-0.110869882702368,-0.507679577374235,-0.065703189538812,-0.570812959506365,-0.0477203984624926,-0.0958120881891764,-0.0390921535323233,1.0987903169393,-1.33478659322029,-0.538374227442001,1.19335934060753,2.16131524409432,-0.49198703770149,1.43710478597298,3.20045012584116,-0.348117164122727,-0.621931545407605,0.403051876973968,0.451024337199126,3.4136121938894,1.26438282416103,-0.477509133892122,-0.24622759669454,-0.474226771094659,0.281266678262856,-0.449306166437555,-0.0478288341507234,-1.16619504519115,0.645891572820429,2.89755935478335,-1.98561453692407,1.09821337117159,1.22903829371486,0.773750683715292
"139",-0.858145984508787,-1.0739059532627,-0.738341540183734,-0.049784852837063,3.26842547783238,-2.47689086088765,-0.135262736694865,-0.469583424063961,-0.0422662305835765,-0.00537876689814552,0.671537430285558,-0.221566217478484,0.864678200889038,0.0167850712297888,1.13806217523605,-0.324461406375476,1.12169671279001,0.00291737834982421,0.73677758544213,-1.12222957469835,-0.126585858657442,2.36534802901988,-0.805881977948303,-0.0767888277969597,-0.14364498049707,-0.791683116184367,0.258566335441131,0.26560799795605,-0.547350260437621,-0.528669394067144,1.19135181204179,0.65843077476275,-0.443853036600996,0.224710843768183,0.592348889586123,-0.85270309217888,0.586338441692717,0.251983647914233,-0.0506764214717666,-0.804316951416102,-1.87512167944165,1.28393055279533,-0.420481960013433,-1.66627900933035,2.45793978181925
"143",3.27702233181195,-2.0624668516302,-0.849500204077222,1.34773563678361,-0.32172091143549,5.8016693725524,-0.496603702124047,0.294530076210739,-1.18832265648413,-0.528213891866002,-0.996480026459467,-0.770442558959751,-2.08608649691565,-0.587904088688578,-0.838793413552699,-0.161709257104141,-0.876760660197533,-0.220021609735396,-0.796079182979083,3.31767081722779,-0.492051599721662,0.440196289003956,2.47996284077281,-0.557990330970277,-0.255072827668172,-0.822290827801325,-0.707283588803058,-1.28780197267489,1.14753692831311,0.83727556175227,5.29474143098748,0.103895024507003,1.03232925687428,-0.557556265206581,-0.499847909075711,1.0201495499124,-0.503999096949824,-0.526029545387148,-2.14258618085811,1.61783543874702,2.91716576642818,-1.25438722598378,-0.675746065402411,0.59232310578219,4.62832914870336
"149",-0.577016199738999,4.3163917467205,7.78541118309061,0.826993264004131,2.32680042780646,-1.94596668151087,1.43663984947289,0.317640677261315,4.17806469659739,1.34145286686348,0.839258268724643,2.4698753247889,-6.46881672430593,1.9405818339343,-1.52472837595549,3.62444959059153,1.95155504079022,1.18580792912914,2.77596364499697,-1.4395081699678,1.57429020592909,1.38929751943156,-2.76259875789967,3.72485493504788,0.26297134333519,-10.7368690481856,2.04593046976097,6.10955690033265,0.95097690901707,0.411850882268307,-11.7604335869108,-7.95767116874107,-0.334022723445538,2.12490732772227,0.588486612195919,-2.79974201728203,-2.21833768923989,-0.449262734014009,25.9616591546546,-6.35194296034564,-7.68943687698936,-0.477347813310981,-2.12201625714625,-5.0799331495001,-4.47679081527678
"151",-1.64532914071226,-1.68536895653502,-0.479173772032806,0.483971471972195,-0.663822644855419,2.16688074084386,-0.472769424108301,1.11679400105663,-0.993506687178082,-0.387373053075749,-0.601901486519317,-0.262688393218978,2.50417720842461,-0.363660251548127,0.0329288160027975,0.237013302816077,-0.219031213462774,-0.194283231547079,3.79856485713146,-0.943641504869282,-0.315439136105588,1.3853574820726,0.0423350855622811,-0.273166032859178,-0.768326684496455,-3.78135034740114,-0.282572726500517,-0.109411600561856,-0.799408450534118,0.41713494649482,5.16192085320345,2.49869973321771,-0.415957854302938,-0.481274722268992,-0.144002747914956,0.0971496893421475,1.59882950058723,-0.21366306523291,-0.949516118307956,0.0836361485051585,1.41473160144488,0.372160860769565,0.515846331455412,0.141843296822258,2.46591984393584
"78",-0.0787509498921539,-3.17786058023032,-1.04793018441074,0.205476073043894,-0.815525895154279,0.91623075861759,-0.360705533902909,-0.931296225957476,-1.09892449387105,-0.454832180051426,-0.604661049357516,-0.204465603920129,0.970150067362624,-0.165226133640392,-2.0489367806354,-0.355179079845725,-0.58528546745295,-0.171397646165903,-1.68803405057356,2.84752174983162,-0.472307796885959,-3.07575194635175,-1.00413452144791,-0.407251634134106,-0.364317603289307,-4.67195999461104,-0.386974588895705,-0.876568522894431,-0.198455533070201,-0.199907034645659,4.76193607244294,3.13283040073518,0.140554448240594,-0.412443869599815,-0.349002818202509,-0.569220888609447,-0.624812440078581,-0.148806063376419,-2.160933833846,-0.0622004052375572,2.75453867129283,-2.68110388998247,1.65189201961778,0.122863233512147,1.85523063067745
"84",-1.69878773920536,1.69476308181025,-1.19333319818951,-0.926529553331894,2.09872405245308,-2.87337283006238,-0.00191916408992669,-0.943035184394721,-0.0502157399170648,0.125888319431573,0.658121181469879,0.266954305940446,0.342855590521646,-0.125627531048144,1.61647749335006,0.198971418485483,-0.442913395508008,-0.235611693287299,-1.1864821257565,-1.35743892116683,0.063882161976071,-1.71713978843338,-2.3824268133723,-0.505763989910212,-1.30289557617724,2.74850254041313,-0.502842923712678,-0.432108277029747,-0.883081549344663,-0.920990552509257,-3.12704294628017,-1.4177661278007,-0.384068132589747,0.141421978313593,0.0442592656120642,-0.70004697447037,-0.470909202397032,-0.426608285122494,-1.98129737426348,-2.78504384720591,-0.322561043760884,1.96066711737101,-1.65387949590054,0.522272605080248,-3.17759065082081
"88",-0.333291563139939,-2.51069730913373,-0.749377355302761,-0.00985763723842822,3.42693235632514,1.36931298249698,-0.451654360052599,1.37961809839084,-1.19287346909831,-0.484395277800511,0.356926441858837,-0.284295905288303,7.11949219069814,-0.0385023493100732,-0.0947674657264432,-0.18770345208935,0.131990840877992,-0.24188963211383,-2.17241697295888,2.21980627609548,-0.165289364292897,-2.3209793042403,0.301267882852743,-0.392831041762432,-1.20964208531874,-6.81933963909127,-0.266723057244794,-0.696090478032734,-0.347254117571609,-0.199151105065165,5.97562485121161,3.07717258312765,0.0954130410950298,-0.449205420620782,-0.67483525066278,-0.35214039213944,1.26017873345211,0.97317388731444,-1.22247053791953,0.307873052472444,4.46755449232811,3.06277948909929,-1.36000011890912,2.80291101895595,0.472345675531079
"94",-1.68731966512593,0.689775526555444,1.85559437292524,-1.18268309767627,1.20800614556098,-0.660509534460148,0.421989158314566,-0.752755612651431,0.148981603145635,0.551908785202397,2.26341898816764,0.433805849621369,-3.55832979377248,0.755973755917085,-0.122347161235014,0.38168132710858,1.38606317042735,0.899582730087122,2.05982167293334,-0.899110076631032,-0.0434884073299559,-1.2112927373222,0.14712712564045,-0.154278861267101,-0.0738042073882729,-6.72381189409838,0.468376225437601,1.69064000150367,-0.787561633538607,-1.06525960623452,-0.985021521759623,-1.67387675022924,-0.665243373758401,0.434505273030504,-0.679418859347839,-1.58753557344758,-2.5296421250131,-1.0096166973055,4.9826580820238,2.85243295685351,-2.01060494110746,0.727793648864826,-1.59564996423936,-0.204145781263132,-4.28127141910207
"98",0.888617107299722,-3.08014921455142,-1.0353784128121,0.401754125132712,-2.09779088231489,3.9956650735291,-0.531774896666659,2.45515923200435,-1.09137615055779,-0.542625762054661,-0.868576693962402,-0.269846078144362,0.54827323802269,-0.32930292767124,-0.849346563005914,-0.644482013652524,-0.206735106478178,-0.225269664274966,-1.06624456446,-0.80334006054257,-0.325150603366428,-1.02236867765934,1.10723091157977,0.139738045597211,-0.75137498544005,-0.839375599328636,0.0925734748061224,-1.08132867640596,0.433502133040369,0.384468818974528,4.49550856920252,0.86581674064315,-0.354014098169471,-0.580610514315011,-0.373989644686643,0.739995461351145,1.83198628141976,0.950882851329127,-2.35012813015396,-0.688120752974977,-3.62052496487289,-1.63609566482437,-1.94322607170824,-0.287028541794071,2.12243995723466
"104",-1.59633036336761,4.22081767627803,-0.384457116041906,-0.697607431678456,-1.2171694012613,-3.35224804205763,0.229973014363395,0.666459880022925,0.0659524802419205,0.374699786215462,0.187993492024431,-0.344982401419837,-2.10415532206471,0.26452249766445,2.32909714259796,-0.871028093663264,0.496169225859087,-0.0983249444184416,2.03106865050221,-1.33904149829133,1.00703420530651,0.994834639089021,-1.39100843615287,0.384102630715418,-0.849827042362276,5.99757270819008,0.172522570060991,0.534261322971454,-0.882730689278499,-0.565558120922536,-8.20486449757726,1.42013836027932,-0.356128650455316,0.238659555875581,0.309329518182084,-1.17650799617044,-0.601727828323805,-0.681923005079201,1.92476434660238,-2.71654070014298,-2.53076498343179,1.33818325706623,-2.7886818290195,-1.48951235862784,-2.31376417842676
"113",2.53610616219497,-1.98432510038129,-1.17326985395485,-0.814659841945923,-1.10006504796998,3.44236891064295,-0.474792421018475,7.28454872067067,-1.0841762939249,-0.565889599968096,-0.303060117771138,-0.289394516651288,4.82793017828331,-0.386506992885916,-1.00649815457506,-0.313710557363361,-0.602022354766507,-0.246428318008766,-1.31347168939887,-0.65487875758207,-0.233118176268242,-1.17682985741313,0.217834697346408,-0.0924344779045487,-1.15894899324638,-0.96624141309019,0.32778055619484,-1.00515586669914,1.19634786823465,0.804288827721718,2.68316428623612,0.850027542722421,0.100442020223768,-0.393327402801798,0.399143624550562,1.69521612569516,4.01467560205143,0.469598837187489,-3.16690780675311,0.722999738807738,-0.485043490011054,0.156951317431976,0.00881694871046946,0.603993412161287,-2.65299903619928
"119",-1.64743942887256,0.891035371867503,-0.893416826851182,-0.574089711441424,4.7391982589834,-4.45121568312799,0.0866611319472901,0.23604671645347,0.167650356414923,0.0950769116659209,0.787437014278264,-0.290355962964082,0.00348389807684489,0.278015687911252,1.04231049504006,-0.318775375919356,0.295252655083318,-0.146933905699481,1.83402226136662,-1.42617388613523,0.562138302734791,0.49433611166017,0.827519298976184,-0.281310752595873,-0.897556985218388,3.46384801754644,0.0424402873567287,0.0152215521086416,-0.855210348820776,-0.759349254054505,-0.893731601459793,1.40401412572288,-0.258245564599836,0.415864292699561,0.685990995741615,-0.549366897471564,0.246302232223135,-0.649403435119121,-1.05015438918619,-3.1627923288072,-0.731520731328465,9.14656484812571,0.986376087037868,0.402049255630165,-0.823602634071348
"156",0.675464788389272,-2.7781829153796,1.20740853962214,0.826921026592932,1.31536696731361,-5.3035546845435,1.32727366158423,-0.583339848235875,1.97087071256252,1.29406935773039,-1.22786641222705,-0.0312572626920465,-1.2396936541023,-0.422105935094733,-1.56600753428908,-0.20357219438576,-1.1517485731098,0.157706582232632,-1.15528133464079,-1.37954793182453,-0.472430077416806,-0.602945905340559,3.99098406975571,-0.270372959134209,5.41315971432164,-3.51431667319683,-0.323017733683698,-1.19549445752825,1.5795386475414,0.498661869985837,6.48287408573766,0.893834301284814,-0.486284488805686,-0.370465599494758,-0.848738083959722,0.786052447776818,-1.0237082556702,-0.521104165817639,-0.972844050617024,3.51092796210937,0.0811772260238172,-3.00685343083472,-0.455593577522945,4.32778309273042,-2.15127307938381
"162",0.0818394384913173,1.87431850010087,-0.351737899982775,-0.945842761979019,4.85911391264553e-05,-0.521673845441964,-0.0426793784270628,-0.573074233844564,0.393449751501144,0.18348803126352,0.0940253807741872,-0.130700691403518,-0.116899033590864,0.012391372221249,3.06586655047693,-0.548256325668164,-0.0694393754253836,-0.128529758717388,1.29871148090564,-1.24007537047296,-0.196501699780402,2.88324107936404,-0.501630554390835,-0.310029957335916,-0.613420856432843,-1.24730499603561,-0.353074283249715,-0.102050492277023,-0.162648552185936,-0.00430281418779787,-0.454810120496488,-0.0150812575073834,-0.225115544324663,0.513783285757177,0.0140599163759718,0.0532217328100554,-0.251635995700895,0.655993230178889,0.448941250801996,-0.230138667756541,-1.17845269610639,1.01164719530058,-2.38370785570642,-0.0861110442620135,-2.09033643125161
"170",1.41918727983407,1.26584163656615,-1.09195071693431,0.289550974108797,-1.75436853792345,-2.10241856255355,0.395067372087953,0.294910825256517,0.0075274206333357,0.109322586229324,-1.14566242863841,-0.399493698320677,2.8477093176351,-0.382541795542927,-0.602196024897225,-0.32837751316483,-1.16825330996692,-0.0363387255645909,-1.48292310599823,-1.51603286281719,-0.458591468236692,-1.315244358746,2.93053710579792,-0.561326377072612,2.10035120218862,-3.64620688396575,-0.213401746931751,-0.742498853289551,1.36464728112099,0.886504370131334,8.59298840035162,2.44972301771603,-0.41217824037731,-0.0164151968169455,-0.471933632316401,2.31135124781176,0.70862257971853,-0.270305935999138,-3.40527362373331,3.90120379420256,3.17280666597036,-1.37351016687655,-0.584254607628455,2.97620079459375,2.17425984399606
"176",-1.45455523219138,0.660936782014045,-0.316590298770382,-1.01211719253034,-0.710640239399881,-3.56676231968364,0.0225503119282888,0.684445739713561,0.351659636628909,0.0194145344579973,0.600380322985907,0.158309968820441,-1.2798707409827,0.243800575640247,1.14316222739583,0.613667654293746,0.156284064863375,-0.106855862971896,3.43758259578951,-1.33575496032274,0.266332971963083,2.6796178958011,-0.537614248444184,0.199057114808494,-0.463388212658614,6.58661900939294,-0.00805269432610774,0.372644873486731,-0.876681034788956,-0.475863066789694,-4.06323924919819,1.428132189304,-0.552053663516499,0.603610252163681,-0.11620873957022,-0.553809913338677,-0.419977487086462,0.0886892817543673,1.48281857444123,-3.78274228417728,-1.91624808324231,-0.250649960068825,-2.54140648392557,-0.0831450010298466,-2.74946474452419
"180",0.233262840564652,1.79103195793638,-1.31113347098311,0.337439460391605,-0.0369569865476074,2.31081000647044,-0.23807048890597,0.453054046863926,-0.489379003505321,-0.174361678268291,-0.99571442398967,-0.274645331699855,3.37433806316891,-0.58671518007476,-1.49357916636841,-0.511356538823001,-0.966324313964922,-0.246689138796923,-1.72267235213022,-1.11634861656083,-0.382762734967171,-2.10100858897132,1.39454854087902,-0.41979922253385,-1.16258493423417,-4.33300347058602,-0.30231758867155,-1.07725747456889,0.0221556979608407,0.523551295224049,3.66582609355084,0.895039812581226,1.13977662673812,-0.144831453588448,-0.104087744986547,0.796806574697866,3.59378076206194,1.52859565810194,-5.73881489372847,-0.0661062037274075,4.22856535395153,-1.84561630207764,3.53584219800955,0.354567226445835,2.65605357064458
"186",-1.39643856452773,3.21011761601918,-0.329306288130165,-0.721392963383774,0.554870993138141,-3.03319173597244,0.153902633562568,-0.0488242170521831,0.372827044310435,0.215611153150219,0.396449681379085,-0.0983728978780311,-1.59053707253225,0.323310923412055,1.02318957127692,0.613642294811621,0.482180002219967,-0.115648661649282,1.53234346339787,-1.09822688275182,0.694661489578986,3.28584422111403,1.35137896417924,0.0250539979164932,-0.652649383464039,6.57295141946456,0.132318224632687,0.590693658750503,-0.782457819934865,-0.763688857182333,-7.55831437058969,-0.367921717540781,-0.0451585239721594,0.375493980740707,1.4278453033214,-0.686506449532932,-1.31871828744241,-0.330783794217098,0.529233924913961,-4.30394857144366,-0.197855665002958,1.46364866311975,-1.88590760924453,-1.86735188593424,-1.63540362993374
"190",2.08320179144264,-0.221427059393333,-0.776896547818658,-0.351756809064876,-2.27094855682898,-0.330389057671314,-0.0869928681740507,-1.32569836217268,0.452516974448014,-0.167290892717737,-1.24220444798657,-0.400314100573167,3.53835574168654,-0.523899676740124,0.887050639714771,-0.459560228946798,-1.24386233905159,-0.0825696243185134,-2.68049266280382,-1.60634488768389,-0.562379084143845,-0.780621954710745,2.81918538213026,-0.47593090314582,0.475851422187871,-6.69651764562053,-0.191774378401901,-1.18891585794424,1.26268391091917,2.16585155393684,8.50401892294123,0.0690138521566823,0.296970529251344,0.250900676929323,-0.658214319422393,1.90403024421944,1.11731881859605,0.677438490122403,-3.43296511331851,6.90520116519161,0.837517622785317,-1.71758778756145,-1.94130504456731,1.36371547387013,0.26086375006644
"196",-0.394900482216889,-1.1721636791,-1.24760895488565,-0.359465758636028,1.16395568802389,0.256378783220508,-0.106906175069375,-0.842673254748721,0.427175300966492,-0.0676249206487272,0.103827906442186,0.277249733150519,1.22275267506039,-0.231784747881417,0.819373705939469,-0.314001857440375,0.108567153598518,-0.135137267164506,1.099271399235,-1.28474787455952,-0.315679378929336,3.60546978978787,-0.859696243133837,-0.461209997619817,-0.573289216085415,5.2740414036543,-0.237778888120057,-0.648359448959168,-0.462412261348565,0.125556740060558,0.448476228467321,-2.0066864596858,-0.402343427515258,0.312082111648393,0.205917946493448,0.982409635906732,0.481452149218806,1.4067704448807,-3.47457469500561,1.74075169638881,-0.26030846981779,1.81628259733868,-3.05982450275465,-1.38015068511466,0.34042634695403
"199",3.16832561092592,0.785063677133998,-1.37601233987031,-0.251570611884224,0.207658509025016,3.23682061592215,-0.422472831308903,-0.570780011214085,-0.762767228199671,-0.468175552278934,-0.758281409230692,-0.354455571056982,1.61798400354135,-0.681262477202714,-0.113231717114342,-0.276742040125898,-0.977847281386545,-0.259333503618684,-0.135425205561542,-0.657595928309554,-0.341269782828223,0.879454946259541,1.10511810725669,-0.483654424220508,-1.22224012515963,-6.3977173213614,-0.464509215199212,-1.03639504467935,1.16794917004696,1.23403744345181,4.71635910713999,-1.67855295402801,1.33959910140126,-0.187649859044605,-0.222788293075695,0.971399823669119,1.3339737784715,0.673875944199582,-3.9771284365882,2.52093629151817,1.98928947316394,0.336991272262645,-0.867990720913079,-1.1710391022093,1.58412544533629
"203",-0.900672179165902,-0.000679130205457053,4.22331515553168,-0.225478373340567,1.46961379277557,-4.6868977380565,0.413256506092552,-1.03284811116586,0.581855704341317,0.605096928251165,0.390646388923015,0.223225495114688,-2.11132973547365,0.34216903109223,-0.114916148418318,-0.234876859045015,0.70921640596852,-0.0321232552705811,1.79232533806094,-1.33710001576334,0.0599976848979951,3.17507547058824,0.0901603956971437,0.0467449270546473,-0.804146068804629,2.76382037369313,-0.678687962044273,0.660550977995513,-0.675249674647413,-1.13767838805916,-2.54697642943729,-0.786001141366186,-0.568418743160287,0.206132881288026,0.202582480570084,-1.38654573874335,-1.57092331342303,-0.926712737043984,1.4554464224909,-1.04719056481116,-2.73125371417248,1.99085466514746,-1.86949197603759,0.224928750385076,-1.50151023686323
"207",2.83092546497928,-1.04874377352083,-1.41145480882028,-0.0211189478816017,-1.62535190834211,1.06430178344951,-0.184879777685557,-1.19129588477747,0.0568290694964709,-0.317840407771146,-1.07139547028513,-0.364966203564363,3.56262492280328,-0.655723003302074,-0.0778331902485542,-0.391029608064391,-1.29777891364063,-0.187825698110356,-1.58077225194679,-0.144767565483409,-0.426028638477085,-0.0371971174608319,2.42669860909625,-0.317635043887177,0.23082278299645,-3.67978172050495,-0.440775294140062,-1.25208296221996,1.5991780420137,1.14880668127181,7.58446808786567,-1.42767602706478,0.948270709314616,-0.209834857176733,-0.289966282376784,2.08062596033447,2.08652820331718,1.34331890878504,-5.29769111842633,4.619936246632,3.46482545895631,0.00351879291069476,-0.855970563238093,0.148600777935625,2.53079901273248
"212",2.77358810223031,-0.274687056310206,-1.4007007548736,-0.343284062882409,-0.662721284908539,0.97742341783742,-0.358626710264338,-0.210630170972273,-0.295858306973577,-0.331129254117265,-0.520865880349181,-0.311009181148582,2.95391528506048,-0.42627138776698,0.310141901433717,-0.695262242661115,-0.233154601359588,-0.195369845446319,0.00539575792695988,-0.849585311032133,0.013729858220171,1.20994405188691,1.51895046462011,-0.17612145811421,-1.24248658932023,-7.81739081342351,0.511201500426305,-0.774991488693651,1.02458809986499,0.978377530818808,7.51307031497732,-0.535724978135105,0.536420308448123,-0.0392340432874587,-0.0955448506403146,2.19903451130578,0.616431498019711,0.692196978402551,-1.91459772385257,5.59599807477069,1.91667302062663,-2.48641373998875,-0.0784273026614446,-1.13658956705956,0.83500738196033
