"","PC1","PC2","PC3","PC4","PC5","PC6","PC7","PC8","PC9","PC10","PC11","PC12","PC13","PC14","PC15","PC16","PC17","PC18","PC19","PC20","PC21","PC22","PC23","PC24","PC25","PC26","PC27","PC28","PC29","PC30","PC31","PC32","PC33","PC34","PC35","PC36","PC37","PC38","PC39","PC40","PC41","PC42","PC43","PC44","PC45","PC46","PC47","PC48","PC49","PC50","PC51","PC52","PC53","PC54","PC55","PC56","PC57","PC58","PC59","PC60","PC61","PC62","PC63","PC64","PC65","PC66","PC67","PC68","PC69","PC70","PC71","PC72","PC73","PC74","PC75","PC76","PC77","PC78","PC79","PC80","PC81","PC82","PC83","PC84","PC85","PC86","PC87","PC88","PC89","PC90","PC91","PC92","PC93","PC94","PC95","PC96","PC97","PC98","PC99","PC100","PC101","PC102"
"80",-1.7704,7.4364,-1.3385,6.2176,3.3364,0.27272,-0.24541,0.51039,-1.3677,1.4186,-5.3458,1.1154,-8.6475,1.6622,-0.33548,1.4069,1.2218,-1.0278,2.1397,-3.4583,-0.13094,-0.79313,-0.29471,0.70804,-0.69213,2.6523,-0.97367,1.1199,-0.58029,1.6011,-0.31437,0.41857,-0.69834,1.3243,-0.04666,0.001886,0.19548,-0.66029,0.94204,-0.0474,-0.46713,0.070151,0.42077,-1.4028,0.52811,0.22922,0.23266,-0.65214,-0.17748,0.030432,0.014004,0.13775,0.39482,0.75924,-0.079475,-0.1007,-0.44181,0.10389,0.31154,0.10399,0.39074,0.24118,0.13087,-0.39853,-0.3779,-0.14573,-0.30585,0.1017,0.37247,0.088571,0.021652,0.030435,0.078869,0.038527,0.035122,0.10103,-0.071587,-0.070591,-0.22104,-0.093523,-0.32155,-0.16548,0.10431,0.078693,0.19969,0.084303,0.11673,0.15654,0.12145,0.098964,-0.013724,-0.12196,-0.07881,-0.049726,-0.18289,-0.015819,-0.037245,0.0080719,0.027837,0.035967,0.040152,-1.5127e-15
"140",-5.9491,-4.115,0.30534,-1.9686,0.12064,1.6008,-0.51088,6.4847,3.2138,0.27233,0.090232,1.1159,-0.55701,0.75006,-0.36015,-1.0564,-1.3053,0.23109,0.27161,-0.54207,0.2301,-0.73583,-1.8532,-0.97279,0.68619,1.1696,-0.28976,-1.9688,0.098521,-0.25908,-0.40835,-0.057807,0.7357,-1.2031,-0.018659,-0.21406,-0.44922,-0.42997,0.29195,-0.0075399,0.60714,-0.3774,0.13508,-0.2747,-0.33513,-0.15858,0.11638,-0.41839,0.32367,0.070315,-0.10961,-0.32907,0.093235,-0.080752,-0.56792,-0.16157,-0.7084,-0.16382,0.56789,0.16428,0.2977,-0.066346,-0.57757,0.032611,0.70029,0.28621,-0.073022,-0.052217,-0.2344,0.13534,-0.26542,0.44688,0.10589,0.17749,0.0021863,-0.10725,0.046431,-0.00026332,0.20077,0.022632,0.16065,0.10545,0.44844,-0.066585,0.070242,0.29154,-0.1734,-0.26805,0.17507,-0.0045066,-0.17374,-0.014492,0.13353,-0.073182,-0.24349,-0.17139,0.20533,-0.050054,0.20888,0.049677,-0.20806,-3.4694e-16
"230",-5.4329,-0.075689,-6.0584,2.1881,-1.5718,2.2522,0.22212,2.8318,-0.47118,-1.5292,1.0408,0.82482,-0.80815,-0.45641,-0.30989,-0.032099,-1.5075,0.49447,0.33566,0.026907,-2.3934,-1.8972,0.0067032,-0.3391,-0.68528,-0.55686,-0.01252,-0.56196,-0.69537,0.40009,-0.43328,-0.61011,-0.61145,-0.13724,0.2619,-0.00098951,0.069892,-0.068217,1.1196,-0.29343,-0.70871,-0.53407,-0.26105,0.30075,-0.89371,-0.6492,-0.64287,1.0306,-0.51657,-0.060399,-0.31986,0.35616,0.41367,0.20288,-0.10265,-0.41724,0.42927,-0.068076,-0.29527,0.019947,-0.12767,0.15497,0.23722,-0.21976,0.2295,0.24465,-0.027023,-0.29248,-0.025721,-0.064305,0.045344,-0.6232,-0.056477,0.37677,0.10099,0.08418,0.0073639,0.031032,-0.3778,0.04819,-0.038418,-0.23127,0.28199,-0.019518,-0.37729,0.22826,0.24732,-0.0078244,-0.022785,-0.23194,-0.049766,-0.18415,0.24702,0.25771,2.6859e-05,-0.0088834,0.13455,0.027471,-0.1318,0.27419,0.008034,-7.4246e-16
"250",-3.0384,12.711,-0.85946,5.1564,-2.6198,1.4058,-1.4067,-2.1986,5.0079,4.1775,-1.4615,0.19902,1.8648,-0.98098,1.3318,-0.56143,1.1159,-4.0528,2.1212,0.61528,-0.26518,-0.37519,2.2229,-2.2168,-0.87217,-0.40265,-0.045675,-0.40828,2.0593,0.95791,0.58735,-1.8747,0.019818,-0.28852,0.70821,0.24372,-0.21119,0.12779,0.17881,-0.22911,-0.54351,-0.15368,0.01197,0.50222,-0.11588,0.82289,-1.4652,-0.60066,-0.65458,0.027466,0.14888,-0.19069,0.12214,0.43814,0.17874,-0.35558,-0.34905,-0.18027,0.23624,0.029671,-0.049162,0.068769,-0.22541,0.25631,0.17291,0.17409,0.16189,0.14558,0.10558,-0.14516,0.24953,0.11356,0.10733,-0.16804,0.15179,-0.11926,-0.39582,0.24268,-0.13826,0.17986,0.28852,-0.29118,-0.41541,-0.16738,0.072326,0.066736,0.093263,0.10862,0.13035,-0.020249,-0.00015609,0.072349,0.1107,0.047597,-0.045766,-0.16882,-0.065866,-0.17113,-0.021564,-0.094064,-0.05402,1.0061e-15
"340",3.9827,17.199,1.7739,-1.1588,-0.3977,0.43892,-3.8541,0.81034,1.3973,4.0178,-0.90799,3.007,1.6009,-0.91779,2.4924,-3.4712,-2.3688,-3.7564,0.040087,-0.2498,-2.6165,-0.52626,2.4221,-2.1847,0.8271,-2.1262,-0.12933,0.062064,1.2249,-1.1503,-0.51492,1.3365,0.31585,1.1584,1.4827,-1.9022,0.10393,-0.38869,0.064923,0.33921,-0.51625,0.58929,0.025486,-0.37105,0.31336,0.23472,1.3543,0.20847,-0.5263,0.38647,0.51132,0.37675,-0.39253,-0.47134,-0.17955,-0.16973,-0.30438,0.58727,-0.49006,-0.52992,0.32703,-0.21455,-0.49086,-0.22902,-0.097833,0.24316,-0.0012162,-0.22577,0.13038,0.061564,0.012772,0.052665,-0.15808,0.078753,-0.27117,-0.11372,0.21535,-0.065715,0.036519,-0.02905,-0.17754,0.010626,0.043716,0.099087,0.074588,-0.034875,0.077384,-0.044647,-0.023796,-0.05304,-0.015092,0.026737,-0.043802,0.028473,-0.026648,0.069603,0.065363,0.056512,0.013839,0.08762,-0.00038404,2.2959e-15
"350",-5.4109,1.7276,-4.8246,1.2392,1.5403,-0.81928,0.31439,-1.5568,9.6404,6.2466,1.2798,-0.36212,0.20343,-0.37224,0.75327,0.18345,0.68698,0.67932,0.39586,-1.8649,1.1559,-1.1263,-0.22355,-1.1489,-1.2136,-0.12249,-2.0136,-0.41542,-1.453,-1.3244,-1.8604,1.9309,0.12053,-1.1525,-0.3455,0.44347,0.19799,-0.6198,0.14992,-0.52513,0.87738,-0.82247,-0.045113,0.71673,-0.051635,0.098361,0.11534,-0.07008,0.41377,0.24934,-0.2461,-0.33325,0.094797,0.48711,0.54354,0.38998,-0.20674,0.26669,-0.13565,0.34692,-0.024665,0.53192,0.15009,-0.16461,-0.089415,0.21766,0.068124,-0.28926,0.19491,-0.13968,-0.10962,-0.21857,0.067139,0.088021,-0.056318,0.053554,0.39102,0.13498,-0.022683,-0.049739,0.12665,-0.10504,-0.1868,0.29127,-0.077007,0.085664,0.14989,-0.0353,0.17248,0.15733,0.047823,0.29313,-0.063349,-0.14224,0.21387,0.061245,0.16839,0.021697,-0.070006,-0.039326,0.083266,-1.6653e-16
"400",-5.5803,-0.68142,-0.98179,-4.5922,0.77185,3.232,-1.9868,1.8818,-2.0841,1.3762,-0.086559,2.4267,-1.1375,1.6385,-0.18944,-0.39784,-2.2577,-0.39431,0.5013,-0.26613,-2.6398,-0.77993,-3.7729,0.17513,0.083015,0.7974,1.1517,-2.5162,0.60347,-0.36864,0.014351,-0.079342,-0.29266,-0.63676,0.051769,0.17621,-0.23618,0.1665,-0.054914,-0.23915,0.60072,-0.96769,0.089028,-0.30457,-0.22057,0.2027,-0.36251,-0.23438,-0.45406,-0.14093,-0.24232,0.098014,-0.15385,-0.2573,0.11675,-0.48947,-0.2282,0.02905,0.017777,-0.39093,0.33819,-0.067139,-0.16701,0.32248,-0.1083,-0.24663,0.16009,-0.081068,-0.058499,0.32953,0.17046,0.16436,-0.20143,0.1994,-0.027557,-0.023048,0.31078,0.26973,-0.27639,-0.40287,-0.058717,0.37894,-0.075606,-0.30594,0.12255,0.072999,0.24993,0.21668,-0.035584,0.19958,0.15645,0.02722,0.090039,0.045735,0.26246,0.016101,-0.24058,0.16554,-0.12508,-0.17419,0.03474,-6.6613e-16
"440",-7.7225,-3.1126,3.264,-1.0486,-0.81619,0.065469,-1.097,0.39331,1.0002,1.3612,-4.7592,-0.85886,2.3985,-0.25221,-0.075881,-2.6827,2.3901,-1.2194,-1.6695,0.24565,-0.56724,-2.013,-0.73407,1.1583,-0.55419,1.6896,-1.3909,-0.89222,-0.53304,-0.14927,0.78602,0.36641,0.52968,-1.405,0.48483,-0.1486,-0.39663,-1.0241,0.073688,-0.37383,0.2889,0.98979,-0.45873,-0.2897,0.89227,-0.038135,-0.13939,0.56717,0.24183,-0.2691,0.31471,-0.1616,-0.27986,0.24957,-0.16875,0.58575,0.54163,-0.36842,-0.30807,-0.20761,-0.36339,0.048771,-0.13222,-0.47307,-0.089681,0.31729,-0.055304,0.26043,0.16378,0.23675,0.17434,0.36791,-0.17141,-0.059305,-0.31232,0.095316,-0.42496,-0.05362,0.081556,0.043938,0.0067706,-0.2128,0.16893,-0.061983,-0.030349,0.32494,0.15281,-0.18269,-0.28379,-0.025485,0.21151,-0.13823,-0.010452,-0.18538,0.25176,0.031691,-0.20493,-0.095701,-0.091689,0.05882,-0.096364,1.0061e-15
"750",-4.3841,5.3505,-2.1132,-4.2055,3.0498,-2.1836,-0.19018,-2.985,-2.9066,4.1414,0.65363,3.3401,2.1578,-2.1709,0.77188,1.6211,-0.26977,-2.4702,2.9895,1.7822,-0.023337,0.9331,-2.1483,0.3029,-0.74986,2.2148,0.97314,0.84529,-1.1521,0.46683,-0.47761,-0.17851,-0.70175,-1.0121,0.74073,0.053713,1.036,0.41011,-0.0079339,0.81976,0.48419,0.20261,-0.29517,0.022252,-1.1057,0.39514,0.44663,0.45724,0.22159,0.15837,-0.27407,0.42295,-0.35417,0.12167,0.34139,0.27027,-0.45306,-0.22422,-0.20542,0.072074,-0.047198,0.10597,0.20976,0.19172,0.27573,-0.079642,0.65852,0.13194,-0.091179,0.41389,0.31951,-0.16205,-0.054316,0.39989,-0.33155,0.092844,-0.34664,-0.07583,0.44357,-0.10554,-0.16714,-0.24832,-0.10809,-0.024154,-0.061357,-0.2203,-0.15703,0.13852,0.083114,0.20494,-0.041544,-0.1168,0.038902,0.018907,-0.03255,0.16639,0.072749,-0.07153,0.081366,0.11428,-0.062548,4.4409e-16
"760",-4.6996,11.265,-1.5722,4.6317,5.0113,4.274,-2.1619,-4.3065,0.72835,2.8195,2.5176,-5.185,0.79043,4.11,3.0693,-1.6487,-2.3017,1.8706,-1.6085,0.13213,-1.6277,0.23698,-0.35184,0.074788,-0.44104,0.26185,-0.76277,-0.13939,-1.5103,-0.31064,-0.35083,-0.60884,1.8939,2.0465,0.78742,0.56813,0.6226,-0.36751,-0.74662,0.17088,0.54904,0.21785,0.28881,-0.60649,-0.79716,0.41658,-0.33901,1.1912,0.45479,0.38948,0.40249,-0.61258,0.62177,-0.15836,-0.2886,-0.16196,-0.47712,-0.1378,-0.28766,-0.37478,-0.28452,-0.1721,0.29107,-0.10372,0.039785,-0.28171,-0.50381,0.50267,-0.11101,-0.31483,-0.051109,0.12993,0.27145,0.26324,-0.092302,0.18727,-0.18184,0.094785,-0.068051,0.07469,0.095614,0.14159,0.020211,-0.020039,-0.069426,-0.014749,-0.22725,0.16477,0.071487,0.038666,0.091119,-0.065357,0.051043,-0.012494,-0.026672,0.03506,0.04023,-0.018875,-0.076271,-0.09771,-0.037234,-3.8858e-16
"900",-9.7247,0.97465,0.64519,-1.7052,-1.5993,0.87181,-0.036479,-2.5777,-2.7273,-0.01794,-1.7338,1.995,1.2858,-0.23673,-1.1141,-0.16594,0.26322,-2.5164,2.2252,0.59004,-1.1848,-1.7273,-2.875,1.1692,-1.7159,0.48114,0.33306,-0.50946,0.6171,-1.281,0.50668,0.65614,-1.1895,-0.72884,-0.31557,0.80809,0.34228,-0.087085,0.10956,-0.20277,-0.36307,0.30233,0.68352,-0.18259,0.53947,0.66951,-0.042485,-0.065422,0.50846,0.4407,-0.18513,-0.20117,0.50977,-1.089,0.18244,-0.32293,0.12978,0.13107,0.022638,0.0094279,-0.32426,0.12478,0.20516,0.24514,-0.030786,-0.26418,-0.26725,0.058174,-0.15357,-0.088259,-0.19339,-0.10701,-0.075721,-0.031715,-0.40876,0.25571,0.26138,-0.088401,-0.21506,0.48791,0.011655,-0.20684,-0.028799,0.041956,0.059529,-0.086902,-0.1149,0.1186,-0.26511,-0.31002,0.0041405,0.17527,-0.29739,0.038119,-0.080857,-0.25158,0.18974,0.04676,0.012166,-0.0359,-0.063936,-4.6491e-16
"910",-13.954,1.0632,-3.1405,-0.62056,-2.8656,-1.6132,1.881,2.7282,1.5774,-1.6766,0.18194,-0.39872,3.0847,2.4547,0.26337,0.41893,2.2176,0.31711,1.4421,-0.42628,0.1129,1.1412,-0.16961,1.3019,-0.048195,-1.1448,-0.21553,1.0586,0.58072,0.088345,-0.74575,0.51719,0.11566,0.037778,0.17762,0.11414,-0.60136,-0.28207,-1.416,-0.93224,0.11717,-0.26777,0.65772,-0.17904,0.085267,0.40414,0.16128,-0.50774,-0.16412,0.13736,-0.28692,-0.41459,0.2032,0.056433,-0.30457,-0.29243,-0.004415,-0.79916,-0.18051,-0.12978,0.14668,0.17933,0.19797,0.068628,-0.070665,0.20942,0.036702,0.10019,-0.34077,-0.53488,0.13297,0.09387,-0.25678,0.12844,-0.51005,-0.205,-0.0022477,-0.23354,0.12229,-0.33393,-0.31777,0.1203,0.011738,0.19312,0.063304,-0.33737,0.25692,-0.01849,-0.077572,-0.025783,-0.13331,-0.18695,0.29957,-0.096241,0.051006,-0.31692,0.027859,-0.13916,-0.029805,0.081121,0.16933,-2.9785e-15
"960",14.127,4.4275,-12.849,3.2102,4.0321,2.6534,0.33244,-1.9187,-1.1919,-3.6566,-1.6296,4.7481,3.7112,0.2381,-1.4846,2.3771,0.28936,0.8555,-2.4352,-0.22447,-0.83676,-0.5211,-1.0039,-0.95165,1.1968,-0.69319,-1.3714,-0.64127,1.2119,-0.96475,0.28937,0.21875,0.42773,2.138,-1.5863,0.23915,1.3311,-0.98327,1.2354,-0.37227,-0.43171,-0.68061,1.0567,0.89006,0.15227,-0.23363,0.57872,-0.2364,-0.46212,-0.78204,-0.26492,0.17884,0.20129,0.40983,0.049992,0.61839,-0.11773,-0.47853,-0.57411,0.082104,-0.55823,0.18523,-0.40766,-0.15859,0.31507,-0.17225,0.19254,0.083686,-0.18595,0.17001,0.20969,0.17108,0.0099737,-0.27776,-0.12018,0.080239,-0.13754,0.12118,0.070397,0.029448,0.012113,-0.00577,0.086883,-0.02617,0.036407,-0.046854,-0.0307,0.27094,-0.087086,0.12042,0.034852,0.0072649,0.03471,-0.049722,-0.046344,-0.043381,0.080496,0.0095659,0.057929,-0.036553,-0.020977,1.0547e-15
"1070",4.8758,-11.585,4.2627,0.051871,-4.7259,5.3115,1.1887,-1.4993,-1.5661,-3.7299,0.79135,-2.9965,0.38116,-5.5931,2.5648,-1.7836,-1.633,0.53239,1.3251,-5.8246,-3.5381,2.905,-1.2581,-2.0644,0.75796,0.83177,-0.98044,-0.093175,0.43476,0.3777,-0.70213,-0.42315,0.05633,0.46215,-0.34915,-0.61034,-0.83875,0.45398,-0.44098,0.82664,0.49628,-0.47145,0.036231,1.0399,-0.41256,0.18274,0.10362,-0.17182,-0.13433,-0.16833,0.39325,0.18824,0.36632,0.08852,-0.021744,0.025593,0.23309,-0.26089,0.63283,-0.11443,-0.52832,0.14726,0.19347,0.22802,-0.46469,0.044982,-0.25522,-0.087035,0.20261,0.29561,-0.23466,0.31516,-0.12647,-0.10732,-0.34467,0.11444,0.046754,-0.18336,0.070703,0.039092,-0.15474,-0.3277,-0.054339,-0.0067026,-0.13316,0.052559,-0.064698,-0.010181,-0.077714,-0.0171,-0.058094,0.064618,0.12108,-0.026818,-0.0093016,0.077775,0.0056269,-0.021761,0.013724,-0.05545,0.055494,-7.7716e-16
"1230",-2.4181,-6.0285,6.3253,-0.35475,-1.0896,-2.3827,-1.2805,-6.222,-0.24867,-4.8061,-0.39543,-1.5621,0.82061,0.05849,0.74872,1.2629,0.19693,-1.1341,1.4214,1.5654,-0.6242,-2.109,-0.80348,1.4124,-0.18428,-1.9721,-0.99752,-1.8115,-0.51855,-0.35355,1.2743,-0.79483,-0.047147,0.035425,-0.27245,1.5708,0.86923,-0.54133,0.42821,-0.23113,-0.43102,0.87426,-0.50541,0.75771,0.43934,0.19025,-0.41364,0.36147,0.0013747,-0.26476,0.69961,-0.1529,0.55448,-0.2567,-0.14848,0.00023035,-0.31765,0.22608,0.36605,-0.22926,0.18965,-0.19257,0.014745,-0.066547,-0.25837,-0.19288,-0.16298,-0.5441,0.55458,0.17768,-0.41269,-0.27605,0.047257,-0.11624,-0.25677,-0.41854,-0.09379,-0.080649,0.17848,-0.40774,-0.054255,0.15539,-0.005692,0.18661,0.00068698,-0.031014,0.20964,0.028903,0.15975,0.21293,-0.078563,-0.094316,0.021078,0.081628,0.0013345,0.10003,0.11332,-0.14617,0.1844,-0.026584,-0.016426,1.7382e-15
"1410",8.6715,3.103,-1.5186,2.0309,7.2817,-1.678,-0.84444,0.46859,-0.34313,-3.8041,-0.20823,-2.4538,-4.8923,3.1223,2.9087,0.68931,2.5091,-1.2273,-0.17853,1.9033,-0.77007,1.209,-1.6151,-1.6911,-0.49345,-1.0958,0.86578,1.3235,1.4202,-0.28228,-0.72313,0.50404,0.20569,-1.1112,-1.8928,-0.78814,0.57415,-0.13255,0.93317,-0.10285,0.59195,-0.8359,-0.85835,-0.75406,-0.024522,0.89019,-0.53405,0.37593,-0.59744,-0.17951,0.38915,-0.43912,-0.3582,0.17717,0.86768,0.099653,0.00098191,-0.32017,0.08769,-0.89841,-0.1426,-0.39163,0.27191,0.052066,-0.058802,0.39299,0.13704,0.15323,0.15711,0.35817,0.017648,-0.17064,0.1908,-0.173,-0.033516,0.051048,-0.080618,-0.14531,0.071002,0.054862,0.064011,0.18244,0.16824,0.057307,0.059494,-0.045668,-0.11004,-0.28322,-0.10027,-0.10795,-0.081003,0.075518,-0.0022807,0.03752,0.032627,-0.0023537,0.13776,-0.0055736,-0.048452,-0.015218,0.064746,2.1719e-15
"1470",2.5333,-4.3386,1.1698,2.4848,0.045473,-5.4775,1.6579,-1.2134,-4.531,0.13781,-1.713,-4.7804,-2.6734,-0.45664,-0.18751,-0.12738,1.8189,-0.89702,0.98967,0.46034,2.2322,2.1616,-0.89376,1.5373,0.49413,-0.69633,-0.42876,0.47769,-0.34762,-0.41055,-0.80992,-1.3766,0.74786,-1.438,1.5061,0.0056061,-0.29008,-0.23023,1.5169,-0.44176,-0.21716,-0.37892,0.71378,0.98303,0.15293,0.77165,0.50874,0.2657,-0.43612,0.05452,0.09541,-0.24897,-0.3012,0.17945,-0.52799,0.064694,0.15578,-0.33934,-0.54111,0.044179,0.29628,-0.54471,-0.78127,0.10942,-0.15277,-0.041309,-0.56156,-0.066088,0.074331,-0.18606,0.14404,-0.23183,-0.15119,0.15248,0.01309,0.18247,0.14598,0.0064004,0.21854,0.10909,-0.1401,0.088188,-0.24811,-0.20928,-0.25584,0.21631,-0.074076,0.19363,0.056448,-0.018997,0.063746,0.12243,0.097004,-0.14012,-0.046665,-0.031701,0.052229,0.21688,0.051576,0.0096842,0.016062,5.6292e-16
"1510",4.4466,-10.89,5.6134,10.501,2.8757,-1.0504,1.2196,6.4963,-1.6438,-0.29582,4.1784,2.8626,0.4245,-1.5777,2.5999,-0.189,-0.90267,-0.65929,1.437,0.27274,0.22841,-0.3624,1.0522,0.94669,1.163,0.81269,0.021225,-1.5643,-0.48707,-0.011059,-0.14303,0.030078,0.20932,0.65139,0.73816,0.081717,-0.35194,-0.31341,0.86692,-0.36226,-0.32795,0.043261,0.20703,-0.58117,-0.90239,0.1759,0.17158,-0.11987,-0.087504,-0.48296,-0.13476,0.031486,0.32542,-0.66203,-0.21697,0.19477,0.44714,-0.16446,-0.58176,-0.088805,0.31667,-0.02983,0.57881,0.35512,-0.19355,-0.046485,0.060892,0.30103,0.0013382,0.10148,0.22041,-0.23662,0.43791,-0.12683,0.07688,-0.23747,-0.32236,0.25215,0.033468,-0.43015,0.12099,-0.26443,0.023167,0.35493,-0.074963,-0.0012129,-0.0089137,-0.24247,-0.12937,-0.030807,-0.038303,0.33745,-0.075011,-0.17825,-0.047066,-0.13207,-0.10837,0.1148,0.078635,-0.07673,0.01812,5.8287e-16
"1570",10.453,-7.9197,-1.8907,-6.6483,1.514,-7.3531,0.25735,-1.9734,6.0345,-0.63258,4.7793,0.8839,1.1172,5.3401,-1.3423,-0.80078,-1.4765,1.4193,0.5531,-2.206,-1.7997,-0.19446,-0.34188,1.024,-0.69642,-0.76299,1.1984,-0.045006,0.9745,1.806,-0.51869,-0.16975,-0.043811,-0.47305,-0.083139,0.70787,-0.9568,-0.70736,-0.13849,-0.9463,-0.4609,0.32359,0.33026,-0.57737,0.025369,0.062483,0.2172,-0.14247,0.47685,-0.18399,0.052532,0.42736,-0.37592,-0.093546,0.46493,-0.23386,-0.40894,-0.13753,-0.79185,0.37758,-0.26976,-0.49347,0.13277,-0.15062,-0.067318,-0.012614,-0.060458,-0.36866,0.24503,0.075665,-0.16505,0.36438,-0.51545,-0.25729,0.0031672,0.26499,-0.45956,-0.30592,-0.15261,-0.16406,0.11536,-0.18633,-0.12222,-0.14387,-0.14565,-0.0046416,-0.14275,-0.080188,0.13227,-0.0072167,-0.042911,0.14781,-0.027497,0.10979,-0.13712,0.091696,-0.021323,0.10142,-0.0037978,0.021484,-0.00075024,-1.9984e-15
"1720",2.7796,-8.4855,3.1943,3.1395,3.1233,-6.1405,1.5321,-5.8662,-2.1983,4.8494,1.7472,2.0807,-0.34043,0.35517,-1.5347,2.4663,-2.1473,0.73959,3.6526,-2.6168,1.2046,0.59493,-0.028094,1.3481,0.7176,-1.9371,-0.22797,-0.19547,0.053507,-0.56397,0.65697,0.15743,0.15525,-0.53571,1.6313,-0.27319,2.1686,0.66885,-0.51833,0.36552,0.23346,0.25065,0.34947,0.59337,-0.1858,0.20716,-0.69705,0.13936,-0.33331,-0.11684,0.21362,-0.2887,0.34041,0.52302,-0.14607,0.49657,0.053871,0.2149,-0.089575,0.14777,-0.20151,0.021383,0.21744,-0.14323,0.36162,0.39086,-0.11457,0.16914,0.011246,0.15453,0.15351,0.39707,-0.24531,-0.21147,0.14189,0.053337,0.23183,0.25118,-0.28349,-0.023339,-0.17606,0.17852,0.25892,-0.08739,0.27567,0.014402,-0.095693,-0.35524,-0.23615,-0.010124,0.039136,0.029243,0.01111,0.1234,-0.11782,-0.0017741,-0.047843,-0.040793,-0.047782,0.062159,0.08997,1.2629e-15
"1730",17.137,-3.307,-3.9662,7.9853,8.2027,0.85745,-0.87813,0.37552,-1.1315,3.8132,-8.2579,-2.9715,2.1891,0.88668,-3.1151,-2.4131,3.814,2.9201,-0.47633,-2.4908,-3.5127,-0.19671,0.42325,0.90638,2.793,-1.2873,2.0411,0.12007,-1.1858,-0.086569,-0.30492,0.29007,-0.88613,-0.6896,0.25318,-0.74288,0.42122,0.25802,0.051128,-0.075931,0.4098,0.21278,0.19411,0.10782,-0.094227,0.14593,0.12808,0.19872,0.28168,0.74671,-0.080598,-0.064304,-0.33552,-0.40307,-0.16882,-0.74766,-0.051912,-0.51594,0.12247,0.50427,-0.00033256,0.025717,-0.037498,0.015844,0.069721,-0.22416,0.36858,0.18183,0.39232,0.043637,-0.16902,-0.28256,0.19954,-0.31222,-0.017579,-0.14848,0.031473,0.2489,-0.028754,0.069808,0.10508,-0.036163,0.05898,-0.027196,-0.097539,-0.12788,0.010372,-0.067837,0.040013,0.091137,-0.11233,0.018832,-0.015478,0.12854,0.096671,-0.021794,-0.065645,-0.066709,0.10861,-0.0049407,-0.018817,1.5543e-15
"1770",15.782,-5.3309,-4.9,10.123,2.6948,-0.3183,0.7577,-0.0038983,-1.686,-1.6523,-3.6916,2.1387,4.834,0.1056,0.70837,0.98114,-0.16055,0.45135,1.7279,0.5791,-2.0279,-0.19492,2.1713,0.21223,1.6768,0.57905,-1.1347,0.3352,-0.67955,0.12835,-0.19852,0.80574,-0.17892,-0.13963,-0.035319,-0.30884,0.53529,0.64867,-0.61452,-0.40599,1.1238,0.033037,-0.1037,-0.33352,0.17225,0.24497,-0.93058,-0.82196,0.018592,-0.35098,-0.088372,-0.097439,0.16857,-0.17015,0.48052,-0.01432,0.018828,0.51309,0.47419,-0.2939,0.14028,-0.56846,-0.1412,0.28391,0.2366,-0.39245,0.048726,-0.44268,-0.35976,-0.23681,-0.028033,-0.15346,-0.35877,0.13577,0.1205,0.45683,-0.11413,-0.26819,0.18036,-0.13309,-0.0068323,0.16823,-0.18692,0.26807,-0.14268,0.35715,-0.031785,-0.043377,0.077961,-0.092273,0.23618,-0.17264,-0.087283,-0.15146,-0.12585,0.014667,0.0049488,0.051854,-0.10932,0.05535,-0.026011,2.72e-15
"1780",18.633,-13.384,-10.997,-2.9084,-7.7549,-4.4291,2.5351,-2.1209,0.51028,1.0615,0.91032,-2.7011,0.76475,1.2736,-2.0045,-4.3609,-1.0417,-0.78154,-0.9867,-0.62885,-2.0997,-1.0137,-0.5979,1.2074,-1.9197,-0.32002,-1.3362,0.17945,0.23903,-0.10055,-0.52609,-1.4329,-0.49044,0.76171,0.75592,1.1563,-1.1869,-0.64554,0.29142,0.28033,0.64171,-0.1523,0.15218,-0.61557,-0.024896,0.48108,0.31656,0.16939,-1.0966,0.32374,-0.28468,0.78895,0.050231,-0.084034,0.2287,0.6702,0.41688,0.46922,0.73525,0.16654,0.022638,-0.27387,0.0029503,0.29527,0.49382,0.030294,0.21643,0.12196,0.35154,-0.23214,0.35217,-0.021035,0.36601,0.089256,0.39589,-0.013339,0.104,-0.056645,0.19872,0.042158,-0.12388,0.1515,0.12241,0.036526,0.12405,-0.2241,0.024084,-0.031891,-0.12772,0.026197,-0.030757,-0.0044903,-0.068696,-0.11042,0.031843,-0.018968,0.048983,-0.091582,-0.024828,0.01158,-0.019184,-2.3592e-15
"1830",11.808,-9.1837,-4.3751,-6.3789,-5.5359,1.1317,-0.12162,-4.4551,-2.953,0.93599,1.7906,-1.4436,-3.492,0.017683,1.6396,-0.42633,0.8404,-0.73386,1.6665,-0.43016,-1.5175,-3.3685,0.99724,0.64456,1.3588,0.80403,0.85636,0.16881,1.2572,-0.27726,0.41078,0.36779,0.45778,0.62226,-0.46463,0.67938,-0.52356,0.54311,-0.91731,0.30387,-0.71854,-0.59517,0.61453,-0.32308,-0.076387,0.24952,0.17334,0.75666,0.85192,-0.8055,-0.0086263,-0.85007,-0.83564,0.39453,-0.21045,-0.080539,-0.20875,0.084968,0.48568,0.27523,0.27069,-0.029541,-0.28656,-0.13924,0.13645,0.56014,-0.045166,-0.29144,-0.65011,-0.30525,0.16172,-0.44319,0.080239,-0.32013,-0.13893,-0.0092358,-0.16274,0.30689,0.16356,0.045585,-0.15593,-0.18935,0.03545,0.20329,0.069786,0.12292,-0.19064,0.021209,-0.06456,0.10239,-0.014663,-0.018247,-0.012765,0.11576,0.16269,0.04097,-0.0078989,0.089856,-0.016563,-0.04823,0.027896,2.6194e-16
"1860",21.052,-16.878,-6.0709,1.2503,-5.4315,-1.0564,1.0539,-3.0338,-1.8336,6.1272,3.2604,-2.7531,-3.0421,-4.3694,1.9539,-2.4176,-0.83872,-1.5948,-2.934,2.5734,-0.53052,0.37826,0.8703,2.9262,0.40717,1.5602,-0.68517,-0.49068,1.0919,-0.92447,-0.38244,-0.87978,-0.51576,-0.97301,-0.60572,-1.8505,1.5854,-0.2275,-0.84791,-0.44593,-0.41859,-1.0386,0.020266,-0.28502,0.68048,-0.84682,-0.33943,-0.29202,0.4174,0.22171,-0.19408,0.050128,0.20638,0.063603,0.03562,-0.44127,-0.0049978,-0.0010273,-0.63173,-0.28316,-0.16505,0.54311,0.13134,0.25271,-0.18024,-0.06368,-0.057282,0.13833,0.16972,-0.093003,-0.21034,0.12623,-0.065792,-0.092104,0.027853,-0.050448,-0.16557,-0.20606,-0.0074829,-0.073509,0.10988,0.11796,0.042931,-0.056846,0.14491,-0.0022078,0.10832,0.089995,0.15075,0.046992,-0.039945,-0.061652,-0.0024336,-0.0028839,-0.097667,-0.014197,0.089848,-0.0046665,0.041222,0.055478,0.017919,-4.4686e-15
"1870",6.7139,-10.616,5.0328,12.635,2.5308,0.53784,0.83563,7.0953,1.3897,-2.1725,3.6989,1.9909,-0.4284,0.27599,1.407,-0.90107,-0.86843,-0.45961,1.0569,1.1025,-0.86461,0.98409,1.9213,-0.15766,-0.25282,1.101,0.28972,-1.2309,-1.0503,0.16599,0.41594,0.31599,0.67077,-0.48943,0.3555,1.2252,-1.032,1.368,0.94136,-0.85634,-0.3174,0.49107,-0.23426,0.11914,-0.19634,-0.34629,0.33764,0.1597,-0.041761,0.12578,0.16796,-0.60956,-0.67202,0.035797,0.54486,0.2286,0.042345,-0.15227,0.072238,0.085574,-0.22814,0.36213,-0.44107,0.31611,-0.29211,0.058799,0.037125,0.31811,0.32206,-0.36006,0.3475,0.12719,-0.3523,-0.24581,-0.2029,0.21471,0.25334,-0.14418,-0.26568,0.24494,0.027261,0.22542,0.1002,0.075119,0.24328,-0.12357,-0.059656,0.24357,-0.051339,0.23127,-0.060482,-0.1981,-0.050412,0.14211,0.041027,0.10162,0.15451,-0.093162,0.015384,0.037886,-0.031644,2.8588e-15
"1890",12.779,-12.711,0.77015,-7,1.3754,-8.1257,-1.2175,5.1851,-0.76676,3.679,-4.8491,4.6208,4.1381,1.2126,1.8399,1.2967,-0.057384,-0.45486,-1.1804,0.81447,-1.4065,1.5339,0.62545,0.17191,0.9246,1.3575,-1.0353,0.2423,-0.99458,1.8545,1.7851,-0.062811,1.1641,0.35402,-0.339,-0.31147,-0.097103,-0.45546,-0.039465,0.1694,-0.15591,-0.22765,-0.18034,-0.34291,0.25661,-0.24146,-0.8463,0.23758,0.021431,0.15033,0.41288,-0.17537,0.15377,0.16188,0.40746,0.30597,0.36985,-0.047495,0.068704,0.19458,0.40128,-0.0055336,-0.045137,-0.051048,0.057279,0.36131,-0.52919,-0.30669,-0.21052,0.25333,-0.32701,-0.043606,0.10829,0.45281,-0.014529,-0.33713,0.062176,-0.0031122,-0.23729,0.36926,-0.082524,-0.045511,-0.07254,-0.11214,-0.042546,-0.42416,-0.028622,0.05571,-0.0010318,0.051488,-0.026309,0.10912,0.12913,-0.020001,0.061875,0.0078187,0.1226,0.12367,0.049674,-0.11369,0.081039,-1.3878e-15
"1950",0.55913,4.5192,-3.9539,-5.9239,5.0974,1.4467,-1.0797,-1.9698,-3.1089,2.6698,3.3385,-3.9151,2.1337,1.207,0.61123,-1.0371,-1.1828,1.161,0.5801,3.1218,0.61823,0.54249,-1.2168,-1.663,-0.67424,-0.25877,-2.7353,-0.52042,-0.75511,0.9055,-0.072363,0.065496,-0.013306,-0.10151,0.62985,-0.2656,-0.010238,0.54359,0.77541,0.37683,0.07963,-0.17324,-0.067308,-0.43955,-0.015622,-0.81983,0.18425,-0.082608,-0.84631,0.14571,0.22656,-0.79499,-0.053821,-0.22822,0.3162,-0.29135,-0.16418,-0.2685,0.19948,0.41452,0.1576,0.20084,0.21395,-0.34202,0.029661,-0.26868,0.21726,-0.057613,-0.26196,0.19013,-0.24944,0.016473,-0.20901,-0.72915,0.39857,-0.055805,0.098676,-0.31771,-0.11436,0.045303,-0.35072,-0.18122,-0.23614,0.21813,0.12814,0.043843,-0.0016794,0.014164,-0.069972,-0.16258,-0.0018792,-0.061969,0.08944,-0.041985,0.15453,-0.092632,-0.15778,0.10659,0.22195,0.071843,-0.072162,-7.6328e-16
"1990",-8.8607,-0.049896,1.7092,-2.9963,-0.92925,8.5411,-0.25937,-0.95039,1.3053,0.24317,2.284,0.30961,1.2588,-1.0488,3.1201,1.3902,2.2522,0.39874,1.0953,0.34064,0.17058,0.35038,1.4215,4.0498,-0.015221,-1.2932,-0.018023,0.086116,-0.21738,-0.10854,-0.45225,1.1649,0.25496,0.26881,-0.89902,0.38327,0.45602,-0.34305,0.88693,0.93921,0.069058,-0.48939,0.76308,0.065483,-0.0044919,0.15813,-0.77342,0.11017,-0.76751,0.61686,-0.0064598,0.53831,-0.61179,-0.4458,-0.21451,-0.28187,0.17686,-0.016787,0.14338,0.54356,0.26832,-0.0031366,-0.10179,-0.34843,-0.36787,0.35446,0.34893,-0.38447,0.059386,-0.011591,0.12668,0.25215,0.44573,0.21712,-0.11602,0.063351,0.097227,-0.56404,-0.2065,-0.031974,0.3682,-0.019923,0.10133,-0.054339,0.1231,0.070231,-0.3603,0.075995,-0.10119,0.063209,0.16013,-0.071916,0.093946,-0.079028,-0.078708,0.038549,-0.13162,0.0046126,0.025512,-0.019672,0.019522,-4.1633e-16
"2080",1.4772,16.836,0.25463,-1.6771,3.0903,2.3731,-2.5474,-0.97581,-2.5399,2.9552,0.4836,0.29971,-2.4535,3.8097,3.0473,1.5031,-0.5452,-2.0548,1.5699,-2.4299,0.29271,0.48688,0.31343,0.8973,-0.68345,-0.91503,-0.73289,0.59346,-0.86206,0.90316,1.1298,-2.1183,2.4318,-0.13043,0.14029,-0.11685,0.41527,-0.89001,-0.33407,-1.6561,-0.40604,0.11821,-0.32506,0.23614,0.064881,-1.0857,-0.060922,-1.0017,0.2292,-0.039468,-0.32527,0.65936,-0.96293,-0.15712,-0.085624,-0.37677,0.53755,0.22192,0.40836,-0.022385,-0.60755,0.26494,0.04455,0.3899,0.048194,-0.25295,0.15691,-0.062903,-0.19989,0.12612,-0.13165,-0.081542,0.13026,-0.079914,-0.059648,0.082496,0.33483,0.051164,0.35575,-0.028649,0.092451,-0.033396,0.20063,0.034509,-0.18394,0.014725,-0.019018,-0.059189,-0.14731,0.012324,-0.071706,-0.0012042,-0.061223,-0.020152,0.11358,-0.00025827,0.0295,0.0026546,-0.0017086,-0.0028529,0.00354,6.4532e-16
"2140",4.9918,-2.7446,-6.6271,-6.957,0.79363,-0.18009,0.66068,5.7337,-2.6683,-2.1267,1.7153,1.9857,3.2674,1.3901,-0.25063,-0.33593,0.55127,-0.47609,2.2956,0.55987,0.47142,-0.14065,-0.39717,-0.63528,-0.32927,-0.082143,-2.1467,0.61677,-0.77968,-0.43062,0.31189,1.1145,-0.41158,0.28659,0.34528,-0.29438,0.36973,1.2849,0.50479,0.048226,-0.98592,-0.96966,0.090091,-0.43685,0.15226,0.17357,-0.77932,0.23297,0.44718,-0.52056,-0.28963,0.21567,-0.1624,0.17736,-0.66863,-0.19608,-0.0095172,-0.079207,0.006687,0.064679,0.074892,-0.15221,-0.081172,-0.14114,0.097451,0.12187,-0.29649,0.57256,0.4243,-0.27908,-0.22212,0.32433,0.32726,-0.061018,-0.22308,0.24602,0.2716,-0.083782,0.44246,-0.080567,0.1405,0.040451,-0.078598,-0.13212,-0.023879,-0.044866,0.23315,-0.00069321,0.25851,-0.29225,-0.13718,0.11628,-0.14961,0.17474,0.050073,0.24897,-0.1843,-0.12163,-0.027466,-0.032643,0.022718,-2.5535e-15
"2200",-7.6419,-5.3717,3.0682,-0.23904,-2.0102,5.1751,-0.14927,3.6578,-1.0261,5.5249,-0.054541,-2.3073,-0.3413,-1.6881,0.30011,-1.5953,0.78243,0.66856,0.91412,-0.76585,1.5965,-1.0293,-0.19818,1.1724,0.11898,-0.81083,-0.51621,-0.59154,0.53603,0.061525,1.6122,-0.31244,-0.77736,0.82968,0.094661,-0.38675,-0.66425,0.018066,0.86271,-0.86845,1.3144,-0.19299,0.24714,0.5303,-0.32301,0.10444,0.63713,-0.3164,0.21939,-0.17267,-0.14717,-0.0046832,-0.39037,0.26999,0.17742,0.10167,0.2839,-0.29536,-0.13621,-0.19175,0.087721,-0.46906,0.39346,-0.40458,0.34457,-0.20658,-0.18424,-0.16548,-0.50166,0.5565,0.17964,0.1133,0.12199,-0.1299,-0.13417,-0.41937,-0.10001,-0.15045,-0.2872,0.054073,-0.062271,0.27615,-0.2504,0.062218,-0.089037,-0.026554,-0.12867,0.083177,0.26553,-0.18598,-0.23328,-0.13967,-0.27086,0.048219,-0.055548,0.11753,0.085134,-0.16356,-0.22087,-0.011174,0.025662,1.1102e-15
"2220",-6.5714,-5.6793,1.5822,-1.357,-1.929,8.4042,-0.35578,6.5549,2.5834,0.60033,0.53257,0.60941,-2.5076,-0.60853,0.19257,-1.1215,0.11901,0.31211,0.84614,-0.72763,0.12456,-0.11475,-0.08592,0.67938,0.58507,-0.37707,-1.1798,0.72457,0.41615,0.11419,2.7006,0.53347,-1.0317,0.18298,-0.46192,0.27468,0.16266,0.052596,-0.26868,-0.76508,1.4933,0.55805,0.7306,0.34644,-0.37852,-0.017674,0.28867,0.65657,0.29066,0.075966,0.48102,-0.30192,-0.2083,0.80881,0.16736,-0.042522,-0.32889,0.58447,-0.53531,-0.16298,-0.28723,-0.4394,0.088053,0.14682,-0.20291,-0.14566,0.24922,0.018747,0.092857,-0.082786,-0.31815,-0.44033,-0.030822,0.061481,0.44814,0.13632,0.069967,-0.15267,0.45373,0.10492,0.084263,-0.13039,0.040328,-0.21548,0.22847,-0.22522,0.2328,0.043059,-0.15476,-0.017914,0.13778,0.12589,0.21175,0.062492,-0.13803,-0.12086,-0.099564,0.053515,0.053461,0.023759,-0.065266,0
"2230",2.1237,2.9689,-1.1634,4.7768,6.5324,1.5181,1.0859,-0.045913,0.9204,2.0316,2.678,1.8292,1.5949,1.6313,-2.2601,-0.51858,1.5208,0.7626,-1.4952,-3.7054,3.2843,0.66878,-0.97276,0.1491,-0.017068,-0.062081,0.41921,-0.39485,0.26715,-0.55628,0.44662,-0.9436,-0.96613,0.90426,-0.4743,-0.041372,0.7525,-0.006417,-0.43621,-0.18653,0.54909,-0.71672,-0.94041,-0.62422,0.11134,0.20633,0.46288,0.0205,-0.088746,-0.40283,-0.11449,0.072826,-0.06501,-0.50948,0.4021,-0.10631,0.56634,0.46179,0.23921,-0.14095,-0.00033059,0.11109,-0.17177,0.14164,-0.22,0.53314,-0.52774,0.025987,0.079843,-0.24929,0.073671,-0.24384,-0.34908,0.45365,-0.047738,-0.33792,-0.2141,-0.0087361,0.034025,-0.065281,0.060748,-0.023905,-0.25879,0.0077799,0.22121,0.24714,-0.22782,0.22461,-0.10135,-0.20538,-0.013819,0.038599,0.11206,0.14507,0.13813,0.082644,-0.073609,-0.1112,0.27609,0.10482,-0.064323,1.7399e-15
"280",-15.16,2.4823,-2.3816,0.70591,-0.8101,-0.89398,0.33624,1.9119,4.9119,0.21725,-0.51182,-1.8868,0.3018,0.92196,1.0522,-0.027394,0.93392,0.44569,-0.072691,1.2959,-0.32322,0.12301,-0.047105,-0.68479,-1.217,-0.81665,0.28465,0.86632,0.51424,0.93495,1.0876,0.033974,0.17534,-0.44985,0.078511,-0.92533,-0.38578,0.81458,-0.6239,-0.23566,-0.044785,-0.36848,0.65451,0.16449,0.40476,0.53187,0.24924,-0.064389,-0.36774,-0.62648,-0.88631,-0.33017,0.71475,-0.37377,0.15844,-0.34084,0.52501,-0.23758,-0.25253,0.36978,0.023191,0.26128,0.084408,0.42109,0.062878,0.33868,-0.010554,0.044938,0.36502,0.15944,-0.25628,-0.12004,-0.078843,-0.15206,0.074302,-0.44038,0.17275,0.22298,0.15368,-0.086266,-0.27777,-0.081489,0.35604,0.10938,-0.051553,-0.024662,-0.22341,0.14583,0.017865,0.042226,0.40811,-0.15658,-0.07793,-0.043994,-0.24248,0.31099,-0.0027692,0.072742,-0.077871,-0.094062,-0.16984,-2.6888e-16
"360",-5.5802,1.0917,-3.4402,-2.2286,-0.62901,-3.6132,0.69798,-1.1843,8.7426,1.5103,-1.1281,-1.1139,-0.61631,-2.1729,1.8158,1.1692,1.1274,-0.22721,0.16875,2.329,0.74667,1.3542,0.19343,0.66639,1.6091,0.81243,-0.08804,0.11253,1.6895,-0.18076,0.3682,0.59559,-0.88209,0.87469,-0.25392,-0.26197,-0.17288,0.47645,0.24306,-0.83385,-0.26954,-0.31995,-1.0686,0.14879,-0.84222,-0.35464,0.071621,-0.31626,0.41857,-0.063869,0.63973,-0.036732,0.30958,-0.48052,-0.069785,0.061333,0.17879,0.62536,0.27237,0.2406,-0.16049,-0.30062,-0.11199,-0.37475,0.33936,-0.1502,-0.33354,0.21734,0.25612,0.11227,0.27016,-0.22286,0.0094369,-0.1196,-0.086208,0.44164,0.21484,-0.00452,-0.11996,-0.31453,-0.33222,-0.045596,0.31126,-0.30557,-0.35153,-0.13589,-0.29967,0.075851,0.051537,0.05241,0.02549,-0.030708,-0.037142,-0.011836,0.15942,-0.22753,-0.13528,-0.10144,0.068171,-0.023747,0.0032228,-9.1593e-16
"450",6.0471,2.9186,-5.4513,0.14492,5.9074,-2.4641,-0.05999,0.51873,6.0074,-2.3856,-2.0624,1.4674,-0.96356,-3.2469,0.58066,2.8656,0.20529,-0.18919,0.54561,0.75536,0.56493,-0.89273,-1.951,0.70216,1.9967,0.44861,-0.30027,-1.0362,1.2422,-0.68154,0.58868,-1.7921,0.6247,-0.44767,0.17502,-0.53637,-0.30814,-0.22391,0.27798,1.3412,-0.97049,0.56814,0.29197,-0.25209,-0.49726,-0.44843,1.1133,0.23403,0.32483,-0.05947,0.19521,0.10997,-0.33648,0.20352,0.55016,-0.36109,-0.33276,-0.47186,0.24512,0.14184,0.011275,-0.033778,0.56912,-0.016609,0.24873,-0.13047,-0.30406,-0.014547,0.43708,-0.45077,-0.26106,0.20106,-0.024049,0.28386,0.22508,-0.16814,0.32004,-0.041875,0.14936,0.027458,0.22791,0.073869,-0.35227,0.22593,0.044216,0.010433,-0.11626,-0.12281,-0.21032,-0.075628,0.10344,-0.18144,0.021028,-0.0089081,0.0080699,-0.029366,-0.070629,-0.013291,-0.22221,0.018805,0.069727,4.4409e-16
"480",-9.5062,2.3556,-4.5435,-1.2596,-2.9198,-0.24742,0.64552,0.70518,5.5228,0.46427,0.66379,-0.76018,2.5517,1.3325,3.0526,0.32442,2.2524,-0.16606,-0.86369,0.098775,-0.22043,0.017369,1.1514,1.9515,-0.9238,0.18046,1.5777,-1.0936,1.3064,-0.49664,-0.68484,0.27884,0.74503,0.22661,-0.80917,0.37294,0.84451,1.041,0.56498,0.31905,0.22937,0.082266,0.062507,-0.18762,0.0547,-0.27321,0.28134,-0.37351,0.075857,0.2132,0.82277,0.40259,0.2241,0.0013112,-0.51798,-0.090247,0.1451,-0.52659,0.22278,0.43518,-0.28094,-0.23665,0.27153,0.16902,-0.4052,-0.20135,-0.11516,0.068383,-0.30405,0.26731,0.31241,-0.14281,-0.25493,0.35154,0.35103,0.27801,-0.0047322,0.3818,0.12779,0.29833,-0.32949,0.06602,-0.10768,0.039763,0.16664,0.12009,0.41536,-0.24442,-0.038981,-0.094376,-0.20176,-0.097421,-0.050221,-0.018886,-0.082746,0.24397,0.0331,0.0799,0.14775,-0.11347,-0.00052781,-1.6944e-15
"530",-2.7349,3.6425,-1.5125,-4.5993,5.2921,-4.5761,-1.7943,-0.38756,-0.026244,1.0113,-0.30787,-0.4923,-2.5821,-1.3653,-0.10314,1.2291,-0.87698,0.56978,-3.5446,0.095317,2.8918,2.268,-1.308,0.44913,0.129,0.022065,0.093633,-1.071,-0.65249,0.95484,-0.40665,0.078523,-1.2388,0.80016,1.4669,-0.25768,-0.4598,0.58371,-0.50551,-0.53176,-0.055508,-0.59033,1.0128,-0.16723,0.01838,0.19389,-0.13146,-0.087907,-0.22157,-0.41068,1.3392,0.10321,-0.20025,-0.72172,0.34412,0.25607,0.34639,-0.087726,0.096425,-0.026884,0.39313,0.12465,-0.067748,-0.0097261,0.060805,-0.2133,0.47067,-0.61418,0.0010676,-0.18226,-0.18866,-0.075833,0.10177,-0.12619,-0.34637,0.34562,-0.17421,0.26328,0.12634,0.29551,0.19304,-0.070151,0.29067,0.20522,0.1102,0.096541,0.21508,0.079936,-0.02101,-0.01464,-0.070819,0.043289,0.11557,0.073058,-0.12153,0.035402,-0.039794,-0.17606,-0.17685,-0.068727,-0.015974,3.8858e-16
"550",-9.5287,1.8028,-4.2119,-1.4688,-3.1062,-0.45552,1.845,0.87501,-0.05765,-2.1393,2.3854,-0.43514,1.3452,1.5833,1.0474,0.090749,1.2691,-0.086544,-0.67654,-1.8356,0.71824,-0.057714,0.7542,1.6185,0.66449,-0.18269,0.35614,-0.21431,-0.21677,-0.80304,-0.83375,-0.49716,-0.82196,-0.11424,-0.28377,-0.45802,-0.35702,0.17546,-0.092475,0.083881,-0.31941,0.32133,-0.26414,0.06561,-0.61978,0.0095404,-0.58241,-0.91622,-0.19712,0.38973,0.60302,-0.40767,-0.083614,-0.29823,0.07247,0.55573,0.034651,-0.52558,0.37994,-0.75274,0.20466,-0.30362,-0.068067,-0.49496,0.17472,0.005996,0.086688,0.40205,-0.32214,-0.10236,-0.57697,0.22783,0.0109,0.022936,0.29472,-0.27916,0.11373,0.14968,0.071995,-0.053979,0.024505,-0.376,0.017013,-0.14619,-0.0031769,-0.046411,0.11532,0.29255,-0.089653,0.332,0.15146,0.10751,-0.29981,0.14467,-0.01041,0.056901,0.076012,0.13787,-0.057955,0.30043,-0.0075492,-2.5674e-15
"790",-2.8291,-3.0908,-1.1035,-2.3986,0.73652,-0.29902,-0.1473,0.8942,0.29119,2.5981,2.1404,1.4264,-0.64608,1.5594,0.24862,-0.34699,-0.21776,-0.93859,-1.4371,-0.30476,0.40129,0.7535,-2.4952,-0.41703,0.24887,0.52808,1.7614,-0.83227,-0.50451,-0.56854,1.6337,0.032891,-0.17184,1.2736,0.11287,-0.40781,0.95683,0.65583,0.21461,1.1417,-0.29157,0.88581,-0.46037,0.22618,0.56019,-0.10445,0.46299,-0.84805,-0.45141,0.93537,-0.45722,-0.56992,0.050993,0.83879,-0.21968,0.4139,0.29154,-0.047553,0.11304,0.16413,-0.099867,-0.86503,0.27945,0.56047,-0.49617,0.43311,0.41128,-0.26637,0.051096,-0.57558,-0.069857,0.16352,0.21809,-0.22987,-0.13877,0.14262,-0.17596,-0.019584,-0.085666,-0.060136,0.048547,-0.042793,0.1617,0.040008,-0.33713,0.074598,0.081662,0.018397,0.28507,-0.12867,0.15135,-0.080666,-0.037952,0.024603,0.13565,-0.10599,0.094859,0.056468,0.019373,-0.033185,0.018204,-4.0246e-16
"1180",4.7464,-8.8777,7.4308,-3.0774,2.1765,6.3497,-2.9221,-5.5161,3.5687,-3.637,2.0724,0.45386,-1.4368,2.1824,0.4005,0.7591,-2.4356,-0.14013,-0.12839,2.1003,-1.9627,1.0236,-0.5681,-0.98366,1.3553,0.8278,0.17612,0.59559,-0.37064,-0.53007,-1.1918,-0.29609,-1.5354,-0.22834,-0.077398,-0.45845,0.40913,-0.34473,0.25065,-0.27541,1.5104,1.5205,-0.045732,-0.26695,0.74295,-0.0036876,-0.40342,-0.52074,-0.93931,-0.75006,0.59069,0.41525,-0.48749,0.39296,-0.30695,-0.078543,0.38431,0.06716,-0.39469,0.97478,0.45535,0.49984,0.0043371,-0.077719,0.026239,-0.054173,-0.30075,0.40718,-0.28414,-0.34249,-0.030918,-0.13059,0.004819,0.084278,-0.13522,-0.27803,0.10265,0.20748,0.15639,-0.07196,0.051831,-0.098832,-0.084457,-0.17278,-0.051481,-0.015542,-0.064514,-0.013851,0.01426,-0.083561,-0.051365,-0.060924,-0.10416,0.059264,0.02584,-0.038875,0.12859,-0.016457,-0.080341,-0.035103,-0.0043436,1.2768e-15
"1240",3.0353,-14.453,9.9779,0.3234,0.36673,4.43,-1.9667,1.1234,3.8277,-2.5098,-4.061,-1.3746,-0.021111,4.0633,-1.2382,-3.1721,1.6512,-1.0835,-1.4533,-0.63531,0.43004,-0.83581,0.066665,0.88443,-2.094,-0.52918,-0.16942,0.47449,-1.0556,-0.15148,-0.90312,-1.0253,-0.64397,0.094104,0.52289,-1.2003,0.1024,1.0378,-0.17543,0.87716,-1.2873,0.053633,-0.27489,-0.076264,-0.23846,-0.80031,0.20594,-0.82804,-0.081839,-0.92516,0.23599,-1.0656,0.34063,0.16435,-0.50448,0.26392,-0.32403,0.22781,-0.40876,-0.028821,-0.45239,0.13782,-0.11917,0.26784,0.51354,-0.052066,0.43205,-0.32513,-0.067929,0.35373,0.080772,-0.18901,0.31553,0.38776,-0.1271,0.22948,0.11293,-0.21771,-0.093769,-0.12519,-0.0061853,0.016341,-0.2668,0.0054473,0.12314,-0.046424,-0.18249,0.027645,-0.1394,-3.8029e-05,-0.023687,0.064928,0.026923,0.050908,-0.01837,0.0047755,-0.0035948,0.0076657,-0.026972,-0.049339,0.078692,-1.249e-16
"1480",11.322,-6.2109,-2.9162,-11.436,0.88288,-5.4117,-1.3703,0.4146,4.7846,-3.3572,-7.2388,-6.2094,-1.6241,0.0034701,-2.3006,-1.3789,-1.7528,1.8984,3.4106,1.051,0.79829,2.7761,2.7533,-0.58882,-1.6448,1.3429,-0.45942,-1.7483,-1.1829,-1.1146,1.0505,0.45159,-0.65671,1.1312,-0.60873,0.37698,0.84483,-0.4198,0.23385,0.020792,-0.56034,0.12549,-0.31984,-0.075021,-0.66442,0.60984,0.04851,-0.074144,-0.19214,-0.022924,-0.38569,0.34621,-0.37605,-0.17852,-0.42627,-0.22062,-0.18591,0.094682,-0.14579,-0.44457,-0.23418,0.19888,0.27722,0.13255,-0.49882,0.11474,0.18548,-0.049617,-0.46555,0.064796,0.21096,0.13422,-0.36782,-0.045923,0.0076347,-0.25378,0.11679,0.22567,0.05204,0.074666,0.27631,0.0013314,0.089383,0.041499,0.044024,0.021489,-0.093824,0.038556,0.040523,-0.039311,0.047548,0.0087488,0.024893,-0.051668,-0.0093274,-0.024546,-0.019873,0.024721,-0.022288,0.089831,0.0056179,2.7756e-16
"1560",24.82,5.8871,0.042762,13.114,-25.459,2.2539,-2.9583,-1.4691,-0.21889,2.0546,-3.0188,-2.0612,4.139,4.4998,2.7264,3.0515,-2.6646,1.6587,-0.0090347,-0.41734,4.6684,-0.17307,-1.7956,-0.62832,0.54788,1.0597,1.249,-0.24271,-0.36673,1.1188,0.30329,1.0521,-0.75797,-0.90645,-0.62067,-0.60425,-0.072014,-0.47109,0.024601,0.13138,-0.48202,0.24683,0.11011,-0.12192,-0.39659,-0.059885,0.29675,0.56438,-0.64599,-0.24686,0.066387,0.073749,-0.15309,-0.049131,0.034751,-0.15601,-0.13261,0.074824,0.039552,-0.082571,-0.07593,-0.022813,0.020395,-0.084396,-0.12115,-0.11465,0.021369,0.026217,0.092403,-0.029449,-0.030752,0.021966,0.033567,-0.05706,-0.11225,-0.0088854,0.12441,-0.0035694,0.016918,0.012258,0.03046,-0.0080192,0.023049,-0.0018934,-0.0062645,-0.020345,0.0018298,-0.058215,0.006725,-0.02611,-0.01716,0.0094878,0.0042513,0.038086,0.0040012,0.0042826,-0.017383,-0.00202,-0.0037508,-0.018018,-0.0014747,-2.387e-15
"1620",11.773,0.054365,0.014452,7.8705,7.4703,-2.4044,-1.5531,-3.6174,2.3172,-2.3197,3.3216,-0.78534,1.77,-2.6038,-1.6127,1.9575,1.6254,1.5792,0.67315,1.5463,1.0638,-1.6646,0.90189,-1.2845,-0.26811,-0.88282,1.4057,-2.1126,1.1876,2.5819,0.24542,-0.9258,-0.41862,0.036561,0.51912,-0.30537,-0.17103,-0.30551,-0.71278,-0.064218,0.82836,-0.77492,0.36959,-0.66015,0.45164,0.34869,-0.15834,0.19227,0.24318,0.087175,-0.41155,-0.29578,-0.57198,0.099273,-1.1148,0.87073,-0.19205,0.39898,0.036577,-0.25718,-0.24211,0.16812,-0.067369,-0.093519,-0.46254,-0.33039,0.30563,0.14973,0.10656,0.1722,-0.18329,0.10356,0.15561,0.39032,-0.025697,-0.13205,0.31157,-0.29193,0.0088162,0.17555,-0.1967,-0.27879,0.13981,-0.072227,-0.034381,-0.0079279,0.021062,0.031721,0.081028,-0.10565,-0.080415,-0.093779,-0.039825,-0.0074585,0.099775,-0.041961,0.039141,0.1361,-0.050805,-0.030698,0.05027,1.8041e-15
"1630",0.65912,-2.1563,8.3384,-2.1295,1.8653,-3.0844,-0.92186,-4.1652,-0.83687,-4.1937,0.35142,-3.0332,3.9746,-5.4073,5.7886,1.4519,2.6142,0.91952,-1.8649,-5.7525,-1.0505,2.0629,-1.8851,-1.6535,-2.8092,0.58977,-0.49401,-0.066443,0.96013,0.88589,0.79608,0.84372,-0.044849,-0.59454,0.23079,0.31681,0.75536,0.24807,0.2103,-0.60673,-0.72681,0.47192,-0.050066,-0.64694,0.26429,-0.48418,-0.10243,0.15287,0.19971,0.087215,-0.48868,-0.049318,-0.24709,-0.10348,-0.026624,-0.091043,-0.24834,0.16986,-0.47796,0.144,0.439,-0.19237,-0.21872,-0.23085,0.40022,-0.070498,0.19759,0.099575,-0.16433,-0.26885,0.26278,-0.29488,0.13343,0.068743,0.28687,-0.10332,-0.012867,0.10611,-0.070045,-0.031374,0.115,0.2862,0.055159,0.022225,0.099743,-0.070371,0.052096,-0.013167,0.08625,-0.0049208,0.050562,-0.045703,-0.11455,0.015601,0.0032325,-0.084859,-0.010794,0.020819,-0.013278,0.060541,-0.048675,4.996e-16
"1740",13.097,1.6913,-3.7013,3.6415,8.2053,-0.47661,-0.47162,1.4826,2.0322,-4.6164,-1.9727,-2.7859,-1.8094,1.4755,0.87563,0.54567,-1.4965,1.631,0.96826,0.68486,0.94331,-1.0727,-0.97874,1.5687,-0.31094,-1.5442,-1.9161,0.23154,1.6626,1.0284,0.98817,-0.0061858,-0.066602,-1.0241,-0.27513,-0.88956,-1.2955,-0.084553,-1.2248,1.7919,0.34757,0.85669,-0.073424,0.81194,-0.30058,-0.67049,-0.26406,-0.044733,0.11907,0.84574,-0.49197,0.42042,0.3255,0.018917,0.61304,0.0074452,0.14822,0.28963,-0.51981,-0.15393,0.58851,0.091538,-0.2398,0.10346,-0.097934,0.0969,-0.23139,0.16484,-0.50515,0.0087781,0.49103,0.10042,0.28337,-0.036717,-0.28745,0.27888,-0.010623,0.14059,-0.063083,-0.034852,-0.022419,-0.15384,0.073416,0.048514,0.034736,0.12356,0.20395,0.15159,0.018127,0.042871,-0.12477,0.081427,-0.070327,0.055088,0.0049343,0.09432,0.00012364,-0.047745,0.14096,-0.02775,-0.025497,1.9984e-15
"1880",-8.3216,-10.071,10.833,4.1299,-0.65168,1.1685,0.13622,-3.628,-1.2641,-5.4329,-0.36162,0.85596,0.95341,1.7827,-0.77165,-0.30708,-0.17079,-0.804,-0.067527,0.83327,1.2756,-1.186,-1.0194,-0.33185,0.8996,-1.1778,-0.7585,-0.81396,0.35127,-0.88151,-0.50905,0.12759,0.82925,0.3741,0.74501,-1.6122,0.18936,-0.34284,0.026736,-0.83728,-0.024854,-1.289,-0.87225,-0.018144,-0.66324,0.43018,0.31351,-0.49418,0.33966,0.218,-0.29338,0.079162,0.39626,0.49123,0.16995,-0.50833,-0.40261,0.22622,0.31345,0.545,0.37415,0.20458,0.1753,0.018114,-0.54511,-0.14019,-0.11957,-0.39384,-0.077176,-0.15883,0.26196,0.13662,0.091958,-0.0010911,0.1484,0.075459,-0.43077,0.01285,0.096517,0.50697,0.0016922,0.056738,0.17667,-0.12962,-0.063349,-0.42558,0.023531,-0.042553,-0.077392,0.075123,0.030659,0.036182,-0.083909,-0.081912,0.10904,0.11489,-0.12829,0.020477,-0.08802,0.18412,-0.11036,1.138e-15
"2070",3.7337,4.322,-0.47436,7.6499,3.4895,3.481,-0.23803,0.03508,1.4589,0.5879,1.1025,-2.2614,2.1145,3.4162,-1.0829,-1.9543,-1.0589,-0.61154,-0.23461,0.84855,0.80461,0.58313,-0.99024,-2.7377,0.28391,2.5974,-0.60637,0.95882,0.82365,-1.2009,-0.39186,-1.8265,-0.27312,1.078,-0.6611,0.47688,-0.15728,1.11,0.02989,-0.21284,-0.78677,0.41303,1.0607,1.1431,0.16435,-0.078049,-0.8062,0.31589,1.2159,0.71016,-0.31951,0.27253,-0.56308,-0.4623,0.019583,0.4107,0.1895,-0.027186,-0.0017544,0.23267,0.62221,0.11991,0.046929,-0.21337,-0.38733,0.32493,0.16011,-0.40278,0.2,0.44104,-0.16509,-0.1519,-0.0018059,0.098433,0.022615,-0.023657,-0.11441,0.026995,0.04364,-0.15298,-0.1977,0.24969,0.026392,-0.19072,0.14198,-0.011494,0.033792,-0.17928,-0.094341,-0.044554,0.03361,-0.014443,-0.097862,-0.10459,-0.097452,-0.085146,-0.030849,0.01597,-0.055775,0.12054,0.098637,2.3037e-15
"2250",-9.694,-2.7934,8.9417,-1.2191,3.6463,10.311,-0.75439,-3.7812,6.0062,1.6923,3.1692,1.3695,-0.58501,2.0858,-1.098,-0.10162,1.5311,1.703,0.29044,0.35529,-0.82577,3.7674,1.1166,0.51308,2.7097,0.79199,0.41038,0.85161,0.25565,-0.72731,1.2371,0.80046,-0.96479,-1.3118,1.1109,0.58049,-0.4615,-1.3018,-0.11958,0.49349,-1.8671,-0.75078,0.40191,-0.48699,0.36786,-0.1915,-0.06171,0.74956,-0.655,0.1176,-0.90628,0.37748,0.36077,0.083148,0.061277,0.66105,-0.013832,-0.057084,0.39939,-0.54754,-0.092318,0.030826,-0.06546,0.23278,0.24116,-0.3906,-0.24726,-0.16447,-0.1934,0.14824,-0.12045,-0.10358,-0.044717,-0.11665,0.066503,0.079626,-0.12031,0.047084,0.088897,0.12791,-0.092167,0.092204,-0.055753,0.069004,-0.012519,0.023778,0.12248,-0.070946,0.062752,0.040382,-0.089159,-0.011552,-0.063748,-0.0025947,0.074915,0.027402,0.014337,-0.018021,0.0048244,-0.0050548,-0.04367,2.8866e-15
"2260",9.1836,7.853,-9.0445,0.23436,4.0803,6.9622,-0.76152,-0.36503,-2.5871,-2.3404,0.47625,0.98346,0.65267,-0.38688,-1.9275,1.1553,-0.21448,1.3771,0.14475,-1.3644,1.5207,1.7429,1.6584,-0.18374,-1.4743,1.2368,2.2364,-2.133,-0.56449,-2.0345,0.93892,-0.11478,1.5882,-0.92296,0.010544,-0.013192,-1.1205,-0.37246,-0.97952,0.056707,-0.48423,-0.21466,-0.99115,0.35339,0.54331,1.0223,0.12648,0.2772,0.046791,-0.089002,0.9376,0.2062,0.29524,0.5809,-0.23005,-0.70887,0.51848,0.32139,-0.36273,0.35374,0.40935,-0.046782,0.25408,-0.053599,0.68017,0.12397,0.095506,0.052345,0.084959,0.25358,-0.03837,-0.077448,0.2029,-0.20304,0.11532,0.18656,-0.04092,-0.40863,-0.030678,-0.10302,-0.19505,-0.10039,-0.013907,0.0045257,0.16707,-0.10736,0.085593,0.092071,0.062377,0.0045131,0.020673,-0.0058769,-0.066135,-0.11322,-0.0067574,-0.027081,0.10553,0.044444,-0.041413,0.0080705,0.026308,1.674e-15
"20",-19.461,-2.8437,1.2181,4.6046,-3.461,0.71824,0.42263,6.3121,-1.8021,0.038762,-0.28334,-1.1523,-1.9979,-0.038689,-1.917,-0.95815,-0.58394,1.6674,-1.0037,0.83779,0.072775,1.1237,0.49119,-0.75894,-0.2597,-0.62796,-0.61011,-0.38368,1.8853,1.1391,-0.46673,0.0076863,0.95535,-0.71404,0.035304,0.40512,1.9053,-0.015575,-0.64475,0.019982,-0.00078528,0.62974,0.28964,-0.78772,0.33698,0.086877,0.2306,0.91622,-0.095364,-0.025166,0.55135,0.25,0.54941,-0.13161,0.28256,0.10824,-0.23384,0.16343,0.50794,0.83903,-0.26318,-0.044456,-0.394,0.39193,0.080677,0.35131,0.054438,0.045305,-0.1111,0.55362,0.052089,0.14176,-0.0099144,-0.023402,-0.062599,-0.022804,-0.005197,0.045624,0.19764,-0.09426,0.33772,0.016384,-0.065003,0.20907,-0.23127,-0.010517,0.03352,0.33208,0.073633,-0.0089328,-0.096074,-0.022303,-0.21444,0.008964,0.063736,-0.11216,-0.11141,0.10602,-0.062021,0.16427,0.22685,-2.0539e-15
"30",-9.9877,1.8732,-6.4788,0.26692,-2.7231,2.4195,0.3749,3.3268,-1.3495,-2.6811,0.67899,-0.35781,-1.5466,-0.68659,-0.037186,1.2007,-1.4086,1.5762,0.2136,-0.82424,-1.6098,-1.027,0.84856,0.38099,0.11191,-0.70086,0.96556,-0.19985,-0.25629,0.25466,-1.9219,-0.90727,-0.70459,-0.88729,0.38369,-0.46202,0.81689,0.058608,0.36909,-0.72524,-0.65916,0.83522,-1.0482,0.12367,-0.79644,-0.19791,-0.30904,0.3819,0.022511,0.56946,-0.30096,-0.010081,0.042761,0.6466,0.25152,0.41641,0.44625,0.11781,-0.14989,-0.37507,-0.033578,0.12881,-0.084048,-0.53666,0.18547,0.18734,0.19201,-0.47224,0.002152,-0.27608,-0.36297,0.10642,-0.32336,0.089514,-0.13168,-0.06879,-0.076076,0.21053,0.18787,0.1549,-0.11021,0.06865,0.045842,0.056946,0.22593,-0.17895,-0.19305,0.19251,0.10105,-0.22423,-0.12095,-0.053347,-0.14202,-0.27093,-0.032988,-0.067835,-0.22158,0.022981,0.094613,-0.32123,-0.032227,-1.5266e-16
"50",-11.236,0.45595,0.056923,3.4537,2.1667,-2.8278,-0.89052,0.7149,2.2619,0.91839,0.19617,-0.431,-0.93326,-1.8452,1.0643,-0.22135,-0.7933,0.23829,-1.7062,0.58737,-0.11041,-2.3107,-0.3623,-2.6554,0.089561,-0.22643,-1.1962,-0.12837,-2.8259,-0.24725,-1.0091,1.0134,0.75706,-1.8739,-0.79372,-0.38554,0.10229,-0.94842,-0.66818,0.50824,-0.30921,-0.33545,0.56342,0.28255,0.52633,0.47948,0.12218,-0.34402,0.23777,-0.52517,-0.015195,0.55187,-0.47713,-0.19921,-0.5025,0.34559,0.47472,0.074735,0.13355,-0.2777,-0.10618,-0.73777,0.48824,0.33567,-0.11204,0.11959,-0.25634,-0.2622,-0.12334,-0.12888,0.19676,-0.064331,0.081007,-0.21652,0.24236,0.14876,-0.0045996,0.17483,-0.16096,-0.082718,0.019015,-0.080729,-0.16475,-0.23062,0.089429,-0.2772,-0.10083,0.17836,-0.082465,0.075037,-0.17843,-0.28899,-0.019617,0.21238,-0.19776,-0.10708,-0.16002,-0.015019,0.10814,0.013642,0.005072,1.1102e-16
"120",-10.401,-1.1496,-0.99348,-3.6535,-1.1144,3.4034,-2.3195,3.2241,-3.7916,2.2201,-3.4543,2.4573,-2.075,1.6544,-0.53272,2.6273,-1.3189,2.0056,-1.4998,-0.1237,-1.5102,0.98853,0.89047,-0.26728,-0.7877,0.4907,0.029304,0.14398,1.1726,0.65963,-0.43987,-0.84206,-0.27571,-0.99737,-0.88696,1.5043,0.66835,0.40022,-0.34844,0.54775,0.088546,-0.93518,0.031035,0.78904,-0.44535,-0.2024,-0.0577,-0.49831,-0.24589,-0.2438,0.20297,-0.00049529,-0.19127,-0.62129,-0.48078,0.19775,-0.66513,0.6419,-0.95991,-0.053362,0.18052,-0.48098,0.0030977,0.24092,-0.21002,0.16169,-0.12368,0.18366,0.25886,-0.46744,-0.22225,0.062388,0.11533,-0.10746,0.11619,-0.21342,-0.041111,-0.069659,-0.13693,0.27391,-0.28565,-0.059473,-0.095156,0.21467,-0.18286,0.056331,-0.072103,-0.1714,-0.13434,0.1378,-0.1566,-0.06496,-0.10771,-0.22117,0.14883,0.074147,-0.054571,-0.20307,-0.059394,0.089179,-0.078461,1.0825e-15
"130",-16.894,0.38093,-1.2321,1.5766,-3.5388,-3.1207,0.11769,-2.1865,-0.66371,0.89371,-3.8308,0.080193,0.66188,-0.78432,0.87504,1.4512,1.4574,-0.78473,-0.84671,2.1133,-1.9467,1.2146,-0.17738,-0.56891,1.18,0.24159,0.94827,0.58982,-1.0081,0.4568,-0.31155,-0.096557,-0.2832,0.6483,0.42271,0.7168,0.07006,-0.64025,-1.141,0.26764,-0.4537,0.19124,-0.22082,0.7616,-0.29532,0.24394,0.13338,-0.42804,0.28944,0.058476,-0.16669,-0.46276,-0.075324,0.18052,0.41588,0.14381,0.10357,0.089885,0.016975,0.38229,-0.22155,-0.076918,-0.097079,-0.21901,-0.31032,-0.026031,-0.14733,0.10469,0.044625,0.037631,0.22739,0.12965,0.12262,-0.028288,0.38512,-0.08702,0.053278,-0.34875,0.024255,-0.43019,0.14547,0.1148,0.2348,0.05709,0.33568,0.19566,0.055129,0.20883,-0.12225,-0.27446,-0.45616,0.2233,0.085009,0.051389,0.055407,0.11044,0.060651,0.17332,-0.18542,0.016474,-0.2269,-2.1796e-15
"430",-10.146,2.9199,1.5167,-3.9546,2.469,-0.33026,-2.62,-3.1822,-2.3381,2.6498,-2.6644,-2.2579,-0.76463,-0.23834,1.2608,1.0671,-1.206,1.3333,-0.54882,1.2206,-0.5196,-1.4743,-2.5546,-0.34226,1.7166,-1.1686,1.1039,-1.4003,-0.26769,-0.34245,0.32625,1.8365,0.59566,0.61493,-0.096413,0.21806,-1.6783,1.7041,-0.19245,-0.3643,-0.5815,-0.12618,-0.14399,-0.7081,0.3569,-0.52204,-0.51577,0.062072,-0.25187,0.22429,-0.31578,0.046517,-0.015641,0.58216,-0.13818,0.038347,0.23278,0.26124,0.0070176,-0.1031,-0.27529,0.14538,-0.32087,0.090488,-0.065737,-0.069934,0.10824,0.18112,0.12744,-0.055361,0.11161,-0.10641,-0.33253,0.10808,0.33416,-0.18692,-0.10892,-0.044689,0.066252,-0.10577,0.16399,-0.13654,-0.14279,-0.14359,-0.12481,0.0017986,-0.091695,0.09785,-0.21029,-0.010682,-0.1085,0.15243,-0.032969,-0.34208,-0.26947,0.10411,0.12003,-0.21634,0.058156,0.094685,0.22495,-1.0339e-15
"570",-16.904,0.34272,0.22539,-0.48723,-2.7754,2.0899,-0.20966,2.5272,-6.5565,1.1876,-2.166,-2.6324,-1.1714,0.51845,-2.3662,-0.44351,-2.1871,2.0006,3.1488,0.17194,-0.82178,0.33535,0.37081,-1.0325,-0.73044,-1.1554,0.68971,-0.96855,1.8032,-0.5918,-0.50421,0.3733,-0.076031,0.27499,-0.17767,-0.74488,0.077473,-0.71035,-0.67936,-0.28144,-0.91669,-0.32215,-0.0020827,-0.45046,0.49712,-0.81373,-0.18904,-0.36133,0.51325,-0.17893,0.22289,-0.12491,-0.091229,-0.20801,0.56064,1.0028,0.69648,-0.20038,0.020329,0.37541,0.17465,-0.34373,0.20625,-0.45866,-0.26489,-0.35278,0.018653,0.29314,0.23747,-0.061044,0.33121,-0.12061,0.12187,0.23043,-0.059882,0.1258,0.15383,0.045341,0.083726,0.0095142,0.18829,-0.043751,-0.29539,0.030109,0.07629,-0.098331,-0.10299,-0.23789,0.23412,0.1446,0.23387,-0.053662,0.26608,0.078727,-0.0010168,-0.0016117,0.15946,0.0014428,0.044722,-0.015577,-0.16223,1.7764e-15
"620",2.4868,-0.61978,-8.4853,-9.2178,-4.9908,7.6861,-0.65079,-3.0149,0.50177,-3.2453,-2.2807,-0.19612,-2.5504,-0.73705,-1.2474,1.6064,1.2854,0.38102,-1.3758,-1.8533,1.4612,-3.7602,1.3511,-1.9182,1.5502,0.87208,-0.22425,1.2742,0.25965,-0.18955,1.2711,0.49766,1.3917,-0.40393,2.2628,0.46796,0.63165,0.3858,0.047961,-0.18785,0.60577,0.26342,-0.41958,-0.45761,-0.43493,-0.12297,-0.37384,-0.19811,-0.027656,0.063289,0.3227,0.048428,0.27259,-0.94837,0.26725,0.62783,0.0032274,-0.85257,-0.40076,-0.1445,0.27276,0.47705,0.23496,0.55236,-0.25314,0.057893,0.1005,-0.19746,0.19047,-0.12382,0.3597,0.04789,-0.12872,0.0090345,0.15223,-0.052949,0.10453,-0.3714,-0.0005974,0.00014239,-0.052164,0.12739,0.037165,-0.19899,-0.088985,0.035205,-0.089721,-0.027757,0.14222,-0.0090524,-0.068913,0.097043,-0.04135,0.095704,-0.015144,-0.019482,0.033693,0.047877,0.056253,-0.024159,0.042215,-1.1241e-15
"720",-14.786,-0.18793,-3.6452,3.3222,-3.8968,-1.94,1.3307,-2.8984,-0.25791,-0.070818,-1.057,0.60851,0.57081,-0.042755,0.43632,1.6752,0.3586,-0.27669,0.080288,1.3044,-2.0991,0.43689,0.65521,-1.7948,0.46516,-0.35746,0.25134,0.61747,-1.2138,-0.32837,-0.35941,-1.7105,-0.57238,-0.16335,0.10065,1.0174,-0.57722,0.783,-0.046024,0.32405,0.19451,-0.59363,-0.59962,-0.13984,0.44906,-0.36307,0.91776,0.24183,-0.17344,-0.24171,-0.33335,-0.36145,-0.24099,0.015258,0.27637,-0.46027,0.39423,0.087361,-0.50026,0.12925,-0.16467,-0.2824,0.21766,-0.21469,-0.051511,-0.34609,-0.34284,-0.1956,-0.35232,0.18272,0.19354,0.35085,0.16787,0.26385,-0.020879,-0.16002,-0.0028111,-0.21733,0.173,0.29345,0.085049,-0.031412,0.3605,0.039117,0.21008,0.22067,0.13708,-0.11976,0.2209,0.23286,0.26171,0.21123,-0.13178,0.18961,-0.068648,-0.16053,-0.13786,-0.1414,0.12906,-0.01086,0.23098,-1.6792e-15
"730",1.2543,-6.0367,-5.1316,-2.2783,-0.80779,-1.1597,0.29562,5.5199,1.1247,1.3932,-0.70953,1.66,0.20487,-1.8026,-1.2802,-0.30131,1.6563,-1.6837,-0.75595,0.34241,1.7123,0.58929,-1.5215,-2.645,-0.6399,-1.2653,0.89582,0.79418,-0.34878,-0.42144,0.005872,-0.5843,-1.4206,0.23517,0.45425,0.54583,-0.36212,-0.042915,-1.0175,-0.53982,0.16319,-0.21824,0.035169,-0.47258,-0.38358,-0.60706,-1.0395,0.47729,-0.055817,0.51983,0.60201,0.8887,0.14725,1.0455,-0.73107,-0.38532,-0.08117,-0.28795,-0.084578,-0.16674,-0.17247,0.17675,-0.26682,-0.15842,-0.37939,-0.27677,-0.25915,-0.23169,-0.10286,-0.044117,0.26159,0.13715,0.16812,-0.19309,-0.087236,-0.012547,-0.0046559,-0.094896,-0.046767,-0.13827,-0.033991,0.21461,-0.13556,0.42738,-0.14565,0.033417,-0.23846,-0.10699,-0.30769,0.18886,0.14691,-0.027876,-0.19432,0.13194,-0.031296,0.0094678,0.075269,0.12631,0.10086,-0.046849,-0.11436,-4.3021e-16
"740",-7.849,-2.8994,1.1507,-2.6702,-1.0336,1.2178,-0.37649,2.5994,-2.5263,4.4593,-0.90835,-2.5957,2.4148,-0.90086,-0.11664,-1.8642,2.8828,0.80999,-1.3531,0.39081,1.1361,0.88996,0.41835,0.18509,0.87699,-0.034415,1.6023,-1.349,0.34014,0.55625,-1.7482,-0.85689,1.271,0.83874,0.65266,0.82887,-0.52534,-0.98988,0.66808,0.79966,0.28182,0.44129,-0.46145,0.57352,0.5938,-0.23828,-0.4756,-0.37441,0.21382,-1.109,-0.59233,0.52423,0.21197,0.43606,0.64825,0.15253,-1.0681,0.33478,0.034557,-0.30376,0.59955,0.20331,0.44477,-0.097141,-0.12122,0.18277,0.067528,0.3052,-0.13244,-0.12885,-0.04532,-0.33116,-0.28856,-0.17938,-0.2212,0.19903,0.26979,-0.16011,0.076873,0.040386,0.053499,0.033363,0.21573,-0.043833,-0.13002,-0.11401,0.05547,-0.011351,-0.18451,-0.14442,0.14243,0.00074487,-0.081822,0.1967,-0.14073,0.018698,-0.034883,-0.010795,0.088953,-0.068128,0.04823,-1.6931e-15
"1010",0.80839,-9.7071,7.3651,-3.2413,2.9681,-1.6057,-1.8098,-0.85932,-2.9608,5.1432,-2.321,0.11971,-0.74604,-2.1555,1.7385,3.2943,-1.7172,2.1938,-1.1163,-0.40208,1.675,-1.3799,1.078,-0.66359,1.1721,-1.5757,-0.095245,0.48525,0.37252,-0.21587,-0.52006,-0.37083,0.088319,0.44573,-1.1405,0.82194,-2.2172,0.35931,1.0132,0.2678,-0.016979,0.68154,0.2559,-0.33416,0.12597,0.51995,-0.35131,-0.47493,-0.40931,0.32715,-0.24398,0.072299,0.54737,-0.30429,-0.3141,-0.30863,0.10726,0.065716,-0.32815,-0.064615,-0.63591,0.47015,0.20399,0.060213,0.067513,0.44073,0.021346,0.007201,0.091289,0.21851,-0.22927,0.08043,-0.050495,0.22175,-0.019389,0.46625,-0.20196,0.1366,0.40399,-0.031097,-0.08344,0.21907,-0.0834,0.067269,0.25309,-0.085942,-0.041462,-0.015404,0.23111,0.023242,0.027871,-0.086356,-0.037001,0.15091,0.2317,-0.12106,0.0057155,0.12105,-0.058959,0.11491,-0.11587,9.7145e-16
"1330",15.945,-6.7861,-5.2335,10.568,1.3337,2.121,1.0264,1.0795,-1.8203,-0.25579,-0.48093,0.63082,-4.2384,0.32569,0.47054,-0.0047443,-0.70054,-1.2654,-2.3595,2.0167,-0.20786,2.1024,-1.1036,-0.16364,-2.4428,-1.1305,0.13395,1.2029,0.39675,-1.5122,1.2217,2.0444,0.81721,-0.4098,1.2893,0.6615,-0.50599,0.05228,0.091364,0.071063,0.34409,0.17975,0.1488,0.86305,0.15692,-0.73128,-0.20273,-0.59117,0.11976,-0.17124,-0.32433,0.35313,0.15639,-0.50313,-0.67541,-0.095825,-0.45838,-0.040455,0.63888,0.055831,-0.039607,-0.25355,0.29081,-0.69061,0.21527,0.013041,0.0934,0.043208,0.11068,-0.055987,0.033243,-0.01747,-0.60196,0.40844,0.055261,-0.30127,-0.33629,-0.027707,0.064314,0.055483,0.08895,-0.3213,0.063097,0.076461,0.082457,-0.060647,-0.11685,-0.010685,0.087376,0.016557,-0.025668,0.051661,0.021443,0.11447,0.1202,-0.0094414,-0.057512,0.077089,-0.064287,-0.12586,0.062463,1.1276e-15
"1340",5.5794,-11.047,5.3363,-2.7983,2.4918,-3.0565,-2.9097,3.901,-1.1328,4.6408,3.5209,-1.1732,-2.8826,-0.07301,0.093865,0.3071,0.47062,1.1394,-1.153,-0.78547,0.68223,-1.8042,1.1251,-1.6665,0.31052,-1.0571,-1.072,-0.11735,-0.68619,-0.21295,-0.077033,0.3695,-0.49102,-0.18915,-2.1759,0.65982,0.85259,-0.12108,-0.67165,-0.40343,-1.4852,0.70853,-0.23157,0.96571,-0.0052203,0.8235,0.42994,0.067405,-0.30382,0.32363,0.32731,0.082446,-0.091256,-0.0091543,0.36715,-0.15002,-0.19528,-0.34668,0.47092,0.023721,0.43828,0.29221,-0.38108,0.31172,0.31052,-0.82953,0.22597,0.34374,-0.1102,-0.18539,0.26772,0.20086,-0.01514,0.47328,-0.039582,-0.14826,-0.19584,-0.27994,-0.060177,-0.0054163,-0.30651,-0.13186,0.15677,-0.11044,-0.13067,0.058222,-0.0051243,-0.13253,-0.041706,-0.22233,0.17853,0.065751,0.029099,0.028742,-0.007509,0.074856,-0.06574,0.0042792,-0.045628,-0.078969,0.022967,3.0531e-16
"1360",-5.4487,-8.7033,2.5489,2.4216,-2.1982,-5.7383,0.94374,1.8923,-1.6595,-3.7349,1.958,1.0798,-1.7081,2.2386,3.1503,-0.58407,1.9593,-3.046,-1.0593,-1.111,-0.5024,-1.3839,0.22144,-0.65179,-0.13013,-0.93622,2.6198,0.47116,-2.0161,-1.216,1.8042,-1.1198,0.035347,0.2596,-0.72298,-0.50886,-0.33336,-0.46414,-0.5313,1.3651,0.32682,-0.9136,0.7016,-0.12633,-0.2425,0.063912,-0.25484,0.054393,-0.10352,0.43137,0.4596,0.45711,-0.13669,-0.2595,0.2211,0.65027,-0.44474,0.20863,-0.19441,0.36396,-0.1884,0.61721,0.0057338,-0.32125,0.19698,-0.15747,-0.12791,0.22101,-0.11702,0.1769,0.020821,-0.22108,-0.45975,-0.30968,-0.062194,0.039593,0.28547,0.076897,-0.038559,0.0075818,0.067506,0.083582,-0.090765,0.051636,-0.10445,0.020895,0.049107,0.025304,0.33408,-0.15824,0.079626,-0.0062604,0.079062,-0.25402,-0.029599,-0.068613,-0.16412,-0.10044,-0.00088649,0.086881,-0.054739,-7.9103e-16
"1670",19.381,-3.8553,-5.6252,6.1324,2.3876,3.2005,-1.3103,0.9538,-2.7554,-0.88288,2.5364,0.034164,-1.7177,-1.8184,1.3793,0.84771,0.096031,0.03971,-0.3982,2.3073,-0.7738,0.14043,0.6132,0.46302,-2.001,-0.18384,1.1003,0.11636,0.15798,1.2232,-0.52301,2.1026,-0.6623,0.7154,1.2575,1.5742,-0.20816,-0.63091,-0.7964,-0.0066529,-0.41007,0.42064,-0.63718,0.037436,0.26646,0.39805,0.60714,-0.65587,0.28646,0.013604,0.099666,-0.003278,0.055692,0.28971,0.44101,-0.0033731,-0.11226,-0.51962,-0.017467,0.065663,-0.4501,0.20763,0.025604,0.01613,-0.061342,0.25942,-0.17387,-0.39471,-0.26092,0.18481,-0.42079,0.066292,0.48907,0.095118,-0.045019,-0.11794,0.31051,0.33719,0.01487,0.041488,-0.13111,0.32135,-0.24449,-0.41139,-0.20847,0.10834,0.0064782,-0.097831,-0.089077,-0.047982,0.11741,0.09325,0.06169,-0.074046,-0.067049,-0.010777,-0.14985,-0.15686,0.060255,0.17568,-0.088999,8.292e-16
"1820",16.826,-16.996,5.3863,-3.8572,-3.911,13.049,0.28742,-3.2869,5.208,-0.3074,-3.0196,4.1897,-0.49922,-4.0596,-3.6148,-0.025515,0.096502,-2.4763,1.5824,1.4065,1.9326,1.0405,-1.9144,0.22967,-1.0285,-2.362,0.52166,0.48048,-1.8055,1.873,-1.8391,-0.40043,2.1268,1.1624,-0.98164,0.1871,0.43055,0.6248,-0.60891,-0.11226,-0.30811,-0.0076485,0.17308,-0.46552,-0.053227,0.088109,0.10447,0.14946,0.38471,0.42414,-0.088983,0.026253,-0.31647,-0.3631,0.43487,0.01394,0.26346,-0.057168,-0.13636,-0.28383,0.22462,-0.37197,-0.12017,-0.16101,0.21443,0.074288,-0.13761,0.43283,0.066247,0.051183,-0.074004,-0.024446,-0.21338,-0.16366,0.16738,-0.025295,-0.068481,0.20803,-0.10185,0.031733,-0.085589,-0.017353,0.095258,0.083743,-0.041984,0.091219,0.1837,0.014176,0.11532,-0.0036935,0.023345,-0.02272,0.020761,-0.062612,0.006199,-0.048626,0.00068623,0.016445,0.0013298,-0.00098023,-0.0090754,4.2327e-16
"1980",-4.2443,-1.4962,-7.8013,2.6837,-4.7877,-0.33038,3.185,-2.2653,-2.4915,-0.20454,0.16443,-0.48482,1.5597,-0.81706,-1.3223,1.5904,1.5422,0.11715,0.78559,-0.07998,0.40009,1.501,-0.017044,-0.52678,1.1655,-1.2834,-1.779,1.6919,0.42031,-2.2801,-0.088156,-0.80433,-0.13606,-0.72559,-0.11814,1.2719,-0.94846,1.0699,-0.13785,-0.77012,-0.031091,0.5011,-0.28583,-1.0382,0.31916,-0.066789,0.70807,-0.357,-0.0009343,0.18035,0.3436,-0.12871,-0.48182,0.15058,-0.1144,0.3305,-0.64203,0.45713,-0.12548,-0.19193,0.22196,0.28218,0.33898,0.40578,0.099417,-0.031939,-0.059811,-0.029128,-0.090155,0.33532,-0.22665,0.058681,0.27648,0.086047,-0.19553,0.04496,-0.091534,0.31826,-0.56202,-0.092122,0.40255,-0.21044,0.17345,-0.098619,-0.093114,-0.091324,0.068333,0.0046048,-0.0049938,-0.17018,-0.003648,-0.22242,0.18033,-0.1422,-0.0037687,0.1997,-0.021017,0.12986,0.068241,-0.052631,-0.050794,-1.4294e-15
"2020",-5.0571,0.70727,-0.58211,-0.31153,3.5957,1.6765,-0.12562,6.8251,-1.2867,0.48656,0.78588,-0.75196,2.7741,-1.1974,1.437,-0.68224,2.4059,0.0063055,1.7312,0.20671,1.4581,-1.1383,0.32611,-0.56169,-0.35086,-1.1592,-0.13716,0.82521,-0.67261,0.4326,0.10467,-0.34537,-1.3314,-0.24325,-0.018181,0.31717,0.36496,-0.42467,-0.35788,0.86776,-0.024549,0.23158,-0.5526,-0.45028,-0.28458,-0.6788,0.27868,0.14505,0.066439,-0.64826,-0.031577,0.50487,0.22826,-0.53188,-0.051832,-0.27217,-0.073831,0.38492,0.25384,0.14733,-0.11453,-0.041519,0.2646,-0.13326,-0.047704,-0.15284,0.035913,-0.071568,0.22492,-0.3376,-0.0019273,0.17426,0.023174,-0.53861,-0.13523,-0.048732,-0.385,0.27026,0.07456,0.17323,-0.16694,0.18212,0.050245,-0.55551,0.2203,0.23715,-0.046989,0.066172,0.0075196,0.12358,-0.014678,0.038144,0.1538,-0.24004,0.056974,-0.00043692,0.33198,0.18235,-0.14315,-0.021749,0.19438,1.36e-15
"2150",-8.8654,-4.8396,-2.1427,2.029,-4.9673,-0.27454,2.8099,1.855,-1.7338,-0.8869,2.9577,0.69376,0.51192,-0.4301,-0.48505,-0.80898,-0.17842,-0.023341,0.44937,0.084326,0.53792,0.77811,0.52054,-0.3724,0.096029,0.16553,-1.5525,0.42124,-0.46984,0.64413,1.4027,-0.61999,0.48207,0.76704,-0.46102,0.41843,0.21186,-0.75565,-0.29693,1.0691,0.28438,-0.68548,-0.80506,-0.47947,0.82874,0.72079,0.49492,-0.237,-0.20284,0.58531,-0.2791,-0.65417,0.46183,-0.039591,0.014853,-0.46628,0.20994,-0.26578,-0.54383,-0.080242,0.48449,0.21947,-0.47766,-0.55578,-0.16409,-0.2861,0.52614,-0.22284,0.16861,0.064294,-0.12915,-0.17545,-0.41243,0.13533,0.18936,0.36663,0.14281,0.40619,0.11073,-0.1605,0.22469,-0.14632,-0.090202,-0.20341,-0.15168,0.06063,-0.23132,-0.25848,-0.2424,0.12655,-0.28183,-0.14657,-0.15915,0.11705,0.019748,-0.013711,0.065997,-0.1074,-0.08417,-0.11525,0.037213,-1.7208e-15
"10",-1.7805,-0.99514,-8.9898,-4.246,-3.4985,0.19004,0.53734,-0.66647,1.9495,0.26573,1.6481,2.2761,-3.0403,-1.9128,-0.65606,2.0611,-1.5606,1.3314,-3.3232,-0.1047,-0.84113,0.40392,0.85088,-0.41773,-0.27538,-0.3354,0.86252,0.57885,-0.71406,1.0231,0.67574,-0.67187,0.24774,-0.36258,-0.29997,-1.3888,-0.09084,-0.36961,0.93053,-0.75446,0.10627,0.59256,-1.0465,-0.073333,-0.60519,0.60903,-0.11375,0.019871,0.16884,0.52423,-1.0494,-0.62308,0.11416,-0.58804,-0.81604,0.38666,-0.36078,0.20804,0.41744,0.56523,0.2486,-0.27932,-0.12404,-0.089078,-0.11099,-0.2114,-0.29298,0.14355,-0.18171,0.27719,0.040148,-0.12824,0.07405,-0.35734,-0.45668,0.158,-0.041558,-0.027511,0.035616,-0.073244,0.12417,0.090801,-0.36302,0.046687,0.24481,0.0053072,0.19952,-0.063529,-0.31185,-0.030703,0.20802,0.051359,0.1381,0.027233,-0.10629,0.11112,0.071417,-0.095022,-0.037465,0.041431,0.078514,-1.6931e-15
"110",-13.442,2.6287,-2.6065,-0.56153,-1.4061,-3.7759,-0.010693,-0.80419,0.60734,-3.5351,-0.55164,-1.1319,-1.4658,-0.016916,0.19526,0.87109,-0.84806,0.6611,-1.7781,0.45127,-0.0073026,0.8328,-0.58106,0.54795,0.82526,-0.77162,0.25311,-0.2229,-1.4135,0.20302,0.37726,0.2713,-0.72528,1.5137,0.61508,0.089083,0.3984,0.063744,-0.031042,-0.72808,-0.017964,-0.27947,0.55018,0.48355,-0.13366,-0.068306,0.25984,0.23137,0.14291,-0.042988,-0.21137,-0.096407,0.029564,-0.093192,0.60235,-0.39857,0.14755,0.5508,0.3362,-0.26888,-0.13505,0.38081,-0.13874,0.14867,0.36303,0.66441,0.19092,0.45346,0.028613,-0.054094,0.1467,-0.028827,0.14967,0.018767,-0.30485,-0.12719,-0.053806,-0.38816,-0.08682,0.14845,0.01006,-0.15361,-0.47939,-0.28247,-0.039563,0.13674,0.23359,-0.48531,0.052534,0.26124,-0.12804,-0.22897,-0.1916,-0.040843,-0.09584,-0.056018,-0.062561,0.26782,0.040025,-0.08523,-0.064245,-1.2902e-15
"190",-14.4,0.10628,0.83435,4.9382,-0.74261,-3.5681,0.5846,1.0902,0.37255,-1.6979,-0.94986,-0.5636,-2.3031,-0.83226,-0.34912,0.51315,-0.4741,0.97118,-1.3509,0.17787,0.87289,0.36611,-0.0043763,1.2029,1.3331,0.42205,-1.7449,0.84864,0.76027,-0.4499,-0.5151,-0.23283,1.5711,0.29671,0.37597,0.34007,0.39371,0.13882,-0.61568,1.2882,0.32105,0.14157,-0.29475,-0.63116,-0.75095,0.2233,-0.17959,0.54204,-0.079379,-1.0013,-0.40785,0.40805,-0.97799,0.089801,-0.35404,-0.47185,0.32757,-0.16573,0.21412,0.12181,-0.43348,-0.098016,-0.41354,-0.11302,-0.13185,-0.11824,0.53185,-0.14858,0.024315,0.0069459,-0.28797,-0.023415,-0.18119,0.03844,-0.073097,0.0018398,-0.054676,-0.026408,-0.50521,-0.14003,-0.21995,0.022353,-0.15897,-0.074445,0.054037,-0.23213,0.27742,-0.056643,0.1351,-0.13176,0.23573,0.25415,-0.16072,-0.014148,0.013398,-0.078117,0.21997,-0.13487,0.044593,-0.023859,-0.18913,-1.9151e-15
"210",-15.365,0.39567,2.1355,0.82004,-1.3133,-1.4619,-0.32902,2.4323,-2.01,-1.6621,-0.53829,1.7392,0.71535,1.4807,-0.82232,-0.12494,-0.17925,0.47758,-1.2928,0.13152,0.43399,0.59828,0.78165,1.2533,-1.0082,1.1883,-0.1668,-0.73122,1.3618,1.1307,-1.3179,1.0337,0.54315,0.7951,-0.41034,-0.077,0.60583,1.0867,-0.30751,0.73281,0.57291,0.41209,0.23258,0.2241,0.24001,0.33856,-0.012904,-0.087626,-0.28222,0.84043,-0.30175,-0.24829,-0.92191,0.23378,-0.4137,0.028647,0.077081,0.069881,0.029816,-0.58472,-0.073808,0.74243,0.46209,0.062005,0.89746,-0.4921,-0.85871,-0.65159,0.51396,0.0014981,0.44474,-0.20012,-0.020955,-0.44458,0.028589,-0.18352,-0.062213,-0.02241,0.22052,-0.034936,0.15446,-0.12,0.0011983,-0.1305,-0.072617,-0.0020601,-0.0026274,-0.05745,0.011452,0.0076884,0.062573,0.065472,0.064243,0.095584,0.058274,-0.0086588,0.0375,0.064144,0.0037565,0.0088425,-0.024137,0
"220",-10.226,11.195,-0.41152,6.7071,1.617,-0.32439,-0.24775,-3.6838,0.3485,-1.6665,-0.44276,-1.0242,-1.3297,-3.1009,-1.2105,-1.6138,0.10895,-1.0235,-1.466,0.47073,-0.21233,-0.64388,0.7073,1.4746,-0.23863,1.3499,1.421,0.96992,-1.1894,1.0131,0.032402,0.099517,0.30728,0.39942,-1.0279,0.5157,-0.41172,-0.020891,0.1266,-0.74726,0.12693,-0.15967,0.9612,0.15429,-0.27352,-0.78501,-0.2838,0.31557,-0.21707,-0.28965,0.21538,0.03973,0.85251,0.34968,0.12971,-0.18401,-0.04133,0.078352,-0.17861,-0.20943,0.58429,-0.52828,-0.23045,0.4338,0.13454,-0.20671,0.15719,-0.31249,-0.014959,-0.026106,0.17746,0.63932,-0.11706,-0.13494,-0.15718,-0.093315,0.36296,0.2605,0.12307,-0.076998,0.094878,-0.22291,-0.0888,-0.12685,0.22581,-0.22609,-0.20788,-0.28873,0.097412,-0.31297,0.07256,0.018704,-0.008271,-0.00037026,0.30632,0.12882,0.087601,0.014656,0.093957,0.15426,0.042043,1.027e-15
"240",-16.254,-2.9063,5.4246,4.1335,-2.3873,-0.33833,-0.19859,-0.37804,-0.42563,-3.5043,-1.7535,2.0518,0.67675,-0.3831,-1.2876,-0.31816,0.68685,-1.1368,-2.6036,0.62614,0.47677,-0.52048,-0.90938,0.37104,0.25057,1.2906,-0.80985,-0.94935,0.72326,-1.0426,0.091223,-0.27615,-0.80189,0.09747,0.51093,0.56028,0.22931,-1.0994,-0.16154,-0.56298,0.19627,0.8585,-0.28313,-0.10262,0.19348,0.29462,-0.37166,-0.18148,0.13324,0.47978,-0.4026,0.22884,-0.4984,-0.30345,0.13811,-0.50282,0.14306,0.16462,-0.042767,-0.29387,-0.2606,0.102,-0.26557,-0.14084,0.064998,0.23346,0.22914,0.33609,-0.23672,-0.034552,-0.16773,0.17631,0.27555,-0.27639,0.37313,0.29714,0.18722,0.12891,-0.031365,0.11329,-0.43522,-0.082798,-0.1182,0.33004,-0.080935,-0.049173,-0.31566,-0.082581,0.2697,0.01426,-0.023275,0.10149,0.40004,0.12181,-0.12199,0.25886,-0.040891,0.017881,-0.017246,-0.023216,0.23699,-1.3878e-16
"310",-3.5818,0.55651,-8.1935,-3.0395,-2.5916,-1.8073,0.78045,2.5079,-0.21885,-4.0147,0.82035,2.4886,0.32664,-0.66139,-0.51192,1.5355,0.50551,-0.22062,-1.2523,-1.3176,0.38779,-0.26916,1.5105,0.51878,-1.1141,-0.62821,0.23075,0.067839,-0.62701,-0.2549,-0.92147,0.23036,-0.29175,-0.26642,0.93149,-1.5664,-0.11054,0.33792,0.52271,-0.070181,-0.61996,0.80626,1.8146,0.2302,0.71681,0.024958,-0.10796,0.64846,-0.016065,-0.11867,-0.081654,-0.51591,-0.24584,0.22066,0.3853,-0.40806,-0.09857,0.70392,0.35508,-0.11756,0.27683,0.097397,0.59536,0.19807,-0.57805,-0.13917,-0.0018119,0.3454,-0.28781,0.47955,-0.1213,0.22622,-0.11744,0.15989,0.41191,0.049087,-0.22543,0.013865,0.037294,-0.089726,-0.097514,0.19347,0.01655,-0.11718,-0.28409,0.10884,-0.21648,0.04966,-0.043271,0.10748,-0.05261,0.081348,0.052519,0.0044327,0.24904,-0.09269,0.15831,-0.25377,0.033755,-0.087221,-0.087461,-1.6098e-15
"500",-4.0023,2.1933,-4.8286,-5.0541,-0.40825,-2.0111,0.0094259,1.7715,1.6588,1.691,-1.3131,2.6558,0.93132,-0.027095,-0.066653,0.65189,-0.1981,-0.93204,1.7543,0.25852,-1.0815,-0.0023574,-1.5474,0.44356,-1.5234,-0.060622,0.64069,0.69736,1.0928,0.56646,-0.3429,0.38655,0.26863,0.62951,0.18853,-0.63349,-0.64127,-0.92568,-0.4838,0.064447,0.45544,0.48913,-0.2752,1.4588,-0.091828,-0.051986,0.41199,0.56787,-0.36644,-0.74498,0.12648,-0.41377,0.026771,0.030751,-0.57797,0.20684,0.45732,-0.29407,0.33166,-0.29542,0.271,0.61779,-0.31591,0.40637,-0.27548,-0.45519,-0.016396,0.2641,-0.019142,-0.1842,-0.48789,-0.42782,0.053967,-0.012487,0.21419,0.3265,-0.31309,-0.056428,-0.3417,0.060708,0.34943,0.23976,0.076459,0.024236,0.23294,-0.024822,-0.2096,-0.17359,0.27798,0.0010884,-0.038403,-0.048824,-0.145,-0.082825,0.032175,0.057533,-0.15989,0.060874,0.090741,0.17795,0.1312,-1.8041e-15
"650",8.3575,19.043,2.5222,-2.7546,-0.61538,-2.2288,-3.6597,-0.33783,0.35379,-1.8035,0.74997,2.4889,-0.15008,-2.0496,-2.0296,-2.6827,-2.9112,-3.3421,-1.8801,-1.6351,0.93613,1.1041,0.85174,1.3575,1.4026,-0.55635,-1.0971,0.39118,0.37396,-0.47268,-0.08071,0.45679,-0.28123,-0.45445,-1.1192,0.91208,-0.9387,-0.75704,-0.82905,0.23637,0.018586,0.13242,-0.17413,-0.20618,-0.29468,-0.082416,-0.87768,0.083691,-0.25113,-0.35144,-0.32022,-1.2825,-0.17327,0.27544,-0.11944,-0.075797,0.12071,-0.092702,0.023086,0.44981,0.044213,-0.24272,0.79555,-0.16912,-0.0055241,-0.25102,0.42194,0.15617,0.44391,0.11379,0.304,-0.061833,-0.098231,0.14699,-0.28893,-0.16955,0.11296,0.12977,0.0462,0.3318,-0.093579,0.37089,0.039258,0.031086,-0.23858,0.17914,-0.023917,0.13874,0.026636,0.0064543,-0.13758,0.015827,-0.04378,-0.043578,-0.14394,0.019775,-0.11965,0.14779,0.1125,0.080656,0.0055641,-2.7756e-17
"680",-12.607,-2.2263,-0.093796,7.9369,-2.7948,-3.9141,3.3164,-5.1601,4.4033,3.2672,0.62657,4.2461,-2.4481,-0.070217,-4.4889,0.045282,-3.0055,1.1124,0.61455,-2.4901,-0.53237,0.40466,0.51509,-0.080389,-1.1335,-0.14334,-0.054873,0.094885,-0.052371,0.50935,0.47528,0.43265,-0.2659,-0.24365,0.14352,-0.28056,-0.72724,0.46919,1.3809,1.4147,0.058052,-0.48197,-0.62773,0.31094,0.99193,-0.38421,-0.604,0.16596,0.74068,-0.26636,0.75691,-0.13736,-0.24091,-0.5716,0.32943,-0.46912,-0.19162,-0.29976,-0.057929,-0.36882,-0.34071,0.15246,-0.29512,-0.23171,-0.19987,-0.12992,0.14638,0.10179,-0.45802,-0.26722,0.2038,-0.062933,0.4356,-0.13453,0.041404,-0.27061,-0.11666,-0.075934,0.33405,-0.11859,0.013825,0.21648,0.090535,-0.081271,-0.18067,-0.22242,0.059263,0.075686,-0.078595,-0.19872,0.035914,-0.14006,0.037362,-0.18494,-0.016208,0.033748,0.019233,0.13022,0.022369,-0.026169,0.0063849,2.1511e-15
"690",6.8718,20.65,-0.082847,-4.8484,0.015538,-0.099941,-4.5672,0.39673,-2.2117,-2.9813,-0.10798,0.84898,-0.29281,-0.087178,-1.5748,-2.9232,-1.7808,-3.7494,-1.4148,-0.9769,1.0371,1.079,1.3703,1.1003,1.5143,-0.48305,-0.86591,-2.0271,-0.94706,1.192,0.026173,-0.24858,-0.63234,-1.6501,-0.37614,0.46431,0.16105,1.9982,-0.65917,-0.24276,0.23378,0.020072,0.28232,0.1123,0.1505,0.30936,0.60053,-0.1652,-0.21066,-0.10207,-0.53934,0.65452,0.58181,-0.010909,0.29084,0.33529,-0.53872,-0.55755,0.099844,0.10271,-0.49704,-0.006312,-0.22975,-0.59335,-0.40141,0.14667,-0.42039,0.074737,-0.2423,-0.076571,-0.05409,-0.53879,0.30259,0.029247,0.22329,0.11027,-0.11777,-0.098802,-0.12428,-0.1943,0.085234,-0.021822,0.10562,-0.064792,0.13982,-0.14186,-0.1571,-0.20643,0.096357,-0.03372,0.098739,-0.048373,-0.027753,-0.039276,0.10755,-0.030881,0.064878,-0.0092233,-0.059245,-0.068064,0.038198,9.1593e-16
"710",-6.8567,6.7952,-0.11105,6.2398,3.7249,0.51788,-0.10171,0.078499,1.7066,0.26891,-1.7779,-1.4049,-0.36339,-1.8736,1.1069,-0.034836,-1.4872,-0.34375,1.688,0.30386,0.61806,-1.5491,-0.15666,1.0183,-0.91406,1.9044,-0.051822,1.1771,0.3784,-0.31495,-0.4462,-0.58245,0.59029,0.077485,-0.69348,-0.6279,-0.44033,1.2435,0.097361,-0.027733,-0.34252,0.099738,0.13726,-0.50418,0.35981,1.0644,0.33331,-0.14142,-0.009321,0.069946,0.016706,0.74001,0.77797,0.17746,-0.19425,0.68164,0.30758,0.35268,-0.14305,0.25527,-0.16192,-0.063423,-0.068229,-0.25932,0.29128,-0.23884,0.38889,0.098421,-0.44018,-0.35175,-0.43952,-0.031916,-0.26128,-0.27339,-0.10233,-0.40845,-0.043489,-0.37535,-0.10017,0.17523,0.20671,0.41484,0.044981,-0.033905,-0.31302,0.050322,0.053676,-0.11187,-0.14319,0.20373,-0.15173,0.1686,0.22483,0.23041,0.11148,0.10176,-0.10479,0.085029,0.074348,-0.058156,-0.023379,2.1684e-15
"1040",-0.74329,-5.0621,8.646,-5.0188,3.952,3.1195,-3.399,-5.1773,-4.4441,-0.57317,-2.951,4.111,3.0662,2.6814,1.4591,3.1837,-1.0713,0.9494,-2.6428,0.97239,0.1576,-0.40267,2.7269,0.93737,-2.25,0.59099,-1.8451,0.59741,0.62377,0.030174,-0.80303,-0.40512,-1.1628,-0.59776,0.50205,-0.17921,-1.1406,-0.49479,0.13858,0.12551,0.23546,-1.219,0.062526,0.10363,-0.75156,-0.073423,0.90855,0.28716,0.94644,0.72177,0.49588,0.18061,0.20035,0.64531,-0.0183,0.043544,0.12542,-0.16355,0.53738,-0.037965,-0.053714,-0.25093,-0.10347,0.26409,-0.26125,0.15909,0.31971,0.36698,0.20022,-0.01691,0.091043,-0.1552,-0.32166,-0.26261,-0.040418,-0.27669,0.13038,0.17403,-0.064259,-0.23565,0.15617,0.026326,0.073566,-0.068571,-0.029182,0.14764,-0.031223,-0.014357,0.039286,-0.17507,0.13592,-0.047467,-0.045433,0.11051,-0.13504,-0.096243,0.052473,0.023186,0.026212,-0.090653,0.074479,2.9698e-15
"1050",-2.1865,-6.192,5.0592,-1.7612,1.2597,-4.1358,0.061158,-1.2617,-2.2639,-0.16799,-1.302,0.28301,0.58168,-1.9067,-1.8105,0.59488,-1.2573,-0.48265,1.7367,0.50159,2.1619,0.9849,2.4123,-2.3461,-1.7608,0.57767,1.6549,-0.22719,0.49709,-2.2936,-0.24965,-0.21707,0.84336,0.025862,-0.69639,-0.67014,-0.12047,-1.2555,0.15328,-0.12289,1.0622,0.58195,1.4856,-0.9133,-0.62336,-1.0341,-0.15803,0.034385,-0.36194,0.3344,-0.43672,-0.54085,0.2158,-0.10577,0.52129,-0.1369,-0.1161,-0.39763,0.13545,0.15122,-0.43955,-0.28556,-0.32133,0.042265,0.19435,-0.023638,-0.19431,-0.30141,0.037185,-0.39127,-0.28581,-0.34173,0.30223,0.03986,-0.088995,0.027282,-0.10491,-0.19046,-0.10095,-0.18608,-0.17448,-0.11774,0.1378,-0.29833,-0.0018974,0.09029,0.15029,0.035648,-0.13128,0.041284,-0.124,0.0068241,-0.11432,-0.0055918,0.028671,0.19788,-0.14945,-0.12121,0.016209,-0.083571,0.059709,2.5917e-15
"1120",16.031,20.623,6.4319,-3.1636,-5.7648,0.046036,15.271,-4.3615,-2.7401,1.0745,-0.62872,6.7365,-5.6791,2.029,3.0475,-2.1893,5.7657,3.0843,0.87481,1.5429,-0.28741,1.3348,0.22477,-1.3561,-0.21106,-0.35697,-1.6331,-2.5097,-0.4233,0.067223,-0.61314,-0.28504,-0.75448,0.42073,-0.49978,-0.75312,-0.70073,0.18063,-0.48984,-0.018012,0.29683,0.90811,0.0615,0.078625,-0.15037,-0.062132,-0.2147,0.46931,0.37861,-0.13755,-0.15675,0.14911,0.33624,-0.23523,-0.20373,0.12449,0.044826,-0.10106,-0.18178,0.15185,-0.085444,-0.078575,0.034933,0.17982,0.1733,0.048809,0.17789,-0.17033,0.037522,-0.12539,0.042401,0.13123,-0.10569,0.054356,0.066635,-0.068145,0.064678,-0.030368,-0.043616,0.064524,0.01635,0.090952,-0.06219,-0.065876,-0.061048,-0.026976,-0.01062,-0.02652,0.00081631,0.0091051,-0.018371,0.010029,0.003105,0.0080896,0.011385,0.020129,-0.011463,0.0024824,0.010795,0.0045783,-0.021518,2.6645e-15
"1280",0.81916,-8.312,8.8206,-2.5032,2.6246,1.1529,-2.3955,-2.8472,-2.285,1.7547,-0.10526,0.41907,0.0018733,0.99915,-1.2105,-0.91432,1.0126,-0.11958,-2.0793,0.65377,0.67573,-1.4431,1.8083,-1.1689,-1.3303,0.55695,0.89958,1.0702,1.1612,0.44141,1.2787,-0.41858,-0.50855,0.309,-0.0075129,-0.8182,0.31038,1.3047,0.25763,-0.52453,0.3664,0.038479,-0.48463,0.71426,0.36603,0.51749,0.1792,1.0095,-0.33716,-0.63887,-0.52168,0.36106,-0.18709,-0.091031,0.32227,-0.27913,0.007423,-0.37978,0.34971,-0.035484,0.0017014,-0.22376,0.61766,-0.43595,0.1613,-0.11259,-0.12424,-0.093369,-0.057866,-0.40008,-0.13165,0.52332,0.019184,0.26045,-0.067207,0.45594,0.41382,0.19397,-0.17359,-0.26594,0.19044,-0.12442,0.014211,0.16724,-0.067745,-0.007515,0.13089,0.075448,-0.064978,0.2617,-0.22239,0.038871,0.068434,-0.28968,-0.081475,-0.047573,0.02244,0.098904,0.13477,0.052022,-0.068038,1.9706e-15
"1310",5.9462,-5.8667,0.33872,-5.1653,-0.12816,-4.218,0.16111,-2.6105,0.63031,-2.3502,3.1809,-0.7422,-2.4786,2.2543,-0.14758,-0.22091,2.4905,-1.274,1.152,-1.0992,2.1191,-2.6514,1.6115,-2.4303,1.6997,2.1935,0.27787,-0.26739,0.61139,0.81052,-1.4369,1.1896,-0.028909,0.14228,1.1095,1.3061,0.64096,0.14252,-0.25709,0.61469,0.34652,-0.27351,0.19322,0.81503,0.088097,-0.93856,0.22946,-0.46155,-0.40267,0.54984,-0.243,0.034771,0.3217,0.031754,-0.060905,-0.72444,0.71413,0.28848,-0.15612,-0.12258,-0.068344,-0.69365,-0.17468,-0.16434,0.20605,-0.17192,-0.037501,0.52242,0.081871,0.51863,-0.3388,-0.17164,-0.040405,0.03608,-0.30467,-0.073914,-0.13478,-0.0037403,-0.039179,0.15941,0.35688,0.16918,-0.021167,0.1628,0.050787,-0.21001,0.045439,0.090718,-0.13728,-0.014765,0.068606,-0.10239,0.16213,-0.10231,0.011255,0.033046,0.0026625,0.0090387,-0.049707,-0.011194,-0.034988,-3.0184e-16
"1380",17.517,19.141,11.569,0.8107,-10.474,-4.8669,-15.392,4.089,0.56087,0.67038,6.3861,-0.91938,-1.097,-1.7626,-6.2527,4.3863,5.4529,2.7324,0.84011,1.1663,-3.5656,0.026823,-0.89359,0.62315,-0.88457,0.70245,-1.199,0.35798,-0.5785,-1.1772,0.063957,-0.38224,0.56789,0.70055,0.23513,-0.79558,-0.33003,0.31312,-0.036833,0.23443,0.34384,-0.057905,0.069506,0.01068,-0.15982,-0.14201,-0.10164,-0.35366,0.090494,0.098846,0.13928,0.16613,0.24073,-0.086009,0.085426,-0.0044637,0.059085,0.00079746,-0.058739,-0.088772,-0.038873,-0.072023,-0.028174,-0.022785,0.034244,0.22373,-0.04623,-0.036487,-0.032049,0.0034354,0.089673,-0.044813,-0.097583,-0.058109,0.044865,0.042846,-0.068663,0.054064,0.031449,0.029457,0.052693,0.040003,-0.0015985,0.025815,0.025369,0.020704,-0.0034768,0.020898,-0.0061321,0.03521,0.001379,0.024523,-0.0035216,-0.0096823,-0.0090272,-0.0066153,0.0035437,0.002843,0.0099584,-0.0013441,-0.0010626,5.8287e-16
"1610",12.965,13.387,10.435,-5.2774,1.6862,-1.3603,8.5549,5.7738,2.4831,-2.2158,-0.87066,1.7748,1.3651,-3.0536,1.879,-0.53324,-3.325,5.5553,0.56019,0.58128,0.7386,-2.9062,-0.87748,1.7314,-0.4207,1.4671,0.88541,2.0909,-0.46447,-1.4257,-0.54916,-0.9721,0.26996,0.68202,0.9967,-0.026342,0.21482,0.073791,-0.94863,-0.77161,-0.20993,-0.78736,-0.53245,0.57178,1.3477,-0.058186,-0.29012,0.010647,-1.0953,0.29357,0.042116,-0.1086,-0.32621,-0.075162,0.31456,-0.014904,-0.81339,-0.21745,0.11975,0.086606,-0.32857,-0.3697,-0.10424,-0.08785,-0.17654,-0.022919,-0.10094,0.087662,0.096691,0.26942,0.15768,-0.25088,0.11829,-0.059186,-0.029615,-0.077547,-0.028268,0.11488,0.0031424,0.028144,-0.0046944,-0.14393,0.039935,0.034064,0.070069,0.02213,-0.016783,-0.0044456,0.027234,-0.069128,-0.0060122,-0.013585,-0.032916,0.00019198,0.0010913,-0.037825,0.015628,0.01141,-0.011754,-0.017682,0.0013369,1.9984e-15
"1660",12.684,12.122,5.749,-0.91964,-2.1765,-3.1374,-5.5444,4.9199,0.60279,-2.6778,-2.7404,-1.5541,-1.9379,0.35545,2.6454,0.36075,-1.8169,-2.8747,1.2457,-1.1489,1.3084,0.92331,0.33207,0.50182,1.1092,-1.464,0.87845,0.42516,0.26573,-0.5513,-1.3868,0.17861,-1.2191,0.98152,0.25532,0.89028,0.29264,-0.43554,0.92295,0.20242,0.89801,-0.9083,-1.0809,0.16973,1.3666,-0.42071,-0.098442,1.1179,1.2005,0.3003,-0.41443,-0.19217,0.21849,-0.26243,-0.30229,0.43501,0.14144,-0.27205,-0.11563,0.38015,0.14866,0.10093,0.084123,0.71229,0.48421,-0.082765,0.075153,-0.10817,-0.27517,-0.070402,-0.20163,0.41033,-0.10363,-0.089782,0.3867,0.042354,-0.091673,-0.12698,-0.11359,-0.15291,-0.067108,-0.21652,-0.070894,0.0098363,0.03854,-0.055182,0.07026,0.1135,-0.11272,0.03521,0.05738,-0.074311,0.043923,0.042573,0.032976,0.025157,-0.016189,-0.072984,-0.062611,-0.03729,-0.050397,-1.8041e-16
"1690",13.048,12.062,12.302,-3.4572,1.4342,3.0338,17.694,5.0202,0.75515,2.4029,0.93858,-8.535,2.1832,0.92796,-4.8344,7.5089,-1.6175,-5.4505,-2.5846,-0.3192,-2.4097,-0.62864,0.53597,-0.031569,-0.031405,-0.025672,0.16587,-0.38884,0.020251,0.2642,0.28757,0.79432,-0.049254,-0.12303,-0.04569,0.059353,0.16309,-0.073285,0.13475,0.32209,0.074176,-0.11881,0.097424,-0.20022,-0.34105,0.056053,0.14375,-0.059303,0.16372,-0.15008,0.03673,0.051529,-0.017236,0.12793,-0.035525,-0.043541,0.15325,0.11251,-0.017479,-0.058197,0.095667,0.11448,-0.011046,-0.014941,0.0016741,-0.0074187,-0.012878,-0.0048204,-0.039769,-0.029556,-0.036065,0.030433,0.0037405,-0.032226,-0.0097198,0.045804,-0.0029381,-0.024128,0.012401,-0.018893,0.0059044,0.014411,-0.003733,0.01099,-0.0065761,0.00080473,0.0028981,0.0024124,-0.0042219,0.02126,0.0082722,0.0011631,0.010591,-0.0025088,-0.0023012,0.0052268,-0.00033607,-0.0066128,-0.00012431,0.00044405,0.0038665,3.5527e-15
"1700",12.994,19.163,8.9855,-2.1971,-3.645,-2.8999,2.2838,-0.59688,0.82834,-0.87267,-1.3007,1.7379,0.93797,-1.6809,-0.017977,-6.4075,-1.4316,4.1382,-1.3633,1.5717,-0.48369,-0.45991,-0.46357,-0.70005,-0.36881,-1.4372,1.7394,1.3645,0.59579,0.19513,1.1912,-0.0033267,0.44419,-1.3727,0.26659,1.6802,1.4086,0.057699,1.3137,0.57153,-0.050978,-0.51591,0.73399,-0.42893,-1.0049,0.29299,0.25947,-1.0915,0.71034,-0.052788,0.23499,-0.15746,-0.082589,0.62701,-0.0035983,-0.060309,0.84673,0.30669,0.18986,-0.18119,0.43724,0.60453,0.067311,-0.077545,-0.05341,-0.1004,-0.2078,0.13685,-0.15456,-0.054316,-0.26939,0.10394,0.043574,0.051281,-0.034332,0.18032,-0.12416,-0.12601,0.0037041,-0.1554,-0.026468,-0.033519,0.031168,0.050066,0.0043214,0.034096,0.032191,0.050424,-0.025864,0.061337,0.048139,-0.00044269,0.052078,-0.019445,-0.0067193,0.0041027,0.012484,-0.035801,-0.011993,0.0026651,0.031771,2.8866e-15
"1760",5.8751,-9.8838,2.5884,-3.3758,2.5108,-4.7893,-0.11074,0.37812,0.79743,1.6424,2.3772,2.1241,0.8035,2.2646,1.2912,1.3282,-2.1518,0.38181,0.64642,-0.29464,-0.40651,0.84137,-0.42957,0.26643,0.99561,0.09769,1.2271,1.4487,0.21439,-0.91255,-0.74535,-0.64304,0.38539,-0.44138,-0.66262,0.32035,0.41869,0.33939,-0.49545,-0.51788,0.4472,1.2062,0.21369,-0.25461,0.080808,-0.099443,0.63484,0.060781,0.66673,-0.7049,-0.29224,0.1294,1.0803,-0.082306,-0.59392,-0.25855,0.17138,-0.24279,0.30203,-0.81428,0.40697,0.17878,-0.1975,-0.56489,-0.25802,0.20802,0.39679,-0.23636,0.24348,0.25825,0.59646,-0.042216,0.36137,-0.30792,0.38622,-0.063649,0.38304,-0.24013,-0.01289,0.39785,0.14425,-0.14955,-0.16641,-0.025939,-0.11062,0.1239,0.10228,0.2281,0.057599,-0.042088,0.026272,-0.031641,0.10723,-0.077796,0.041455,-0.041042,-0.024075,-0.12332,-0.035982,-0.011305,-0.06282,-2.387e-15
"1900",-0.93029,-5.6305,4.3271,-2.4731,-0.021031,-6.0535,1.9088,-0.60224,-2.4209,-1.7115,-0.025854,0.61924,0.57623,1.566,-2.9318,-3.0932,1.9883,-1.4373,0.92463,0.070066,0.038113,0.8987,-0.94153,0.14923,1.5664,1.223,0.55259,1.0657,0.83252,0.81507,-0.1554,1.8192,2.5391,-0.36306,-0.5092,-0.49237,-0.6925,0.070456,0.18654,-0.97012,-0.12951,-0.48902,-0.57519,0.78458,-0.57887,-0.13388,0.22968,0.5424,-0.52885,0.475,0.34228,0.32109,0.20106,-0.30649,-0.039402,0.32336,-0.22721,0.6986,-0.30766,0.17327,-0.31479,0.38117,0.44315,-0.19469,-0.19365,-0.15818,0.37902,-0.063583,-0.19297,-0.27152,-0.24456,0.23823,0.47294,0.090386,0.15341,-0.21531,-0.012825,0.21645,0.06356,-0.11264,-0.1326,-0.0090818,-0.23235,-0.032967,0.16626,0.39752,0.018602,0.1355,0.0019455,-0.093898,0.10755,-0.20104,-0.077106,0.20301,-0.089046,-0.10164,0.063845,-0.082576,-0.0058533,-0.097903,0.019695,-8.743e-16
"1970",-14.877,0.70142,1.8619,2.7769,-1.4005,-3.0225,1.8502,-2.6967,-3.2473,-1.2749,3.7943,-1.0404,1.1534,-0.64287,-2.103,-2.2921,-2.1025,0.31256,-0.024833,0.58281,0.88177,-0.26898,-0.36627,-0.25407,0.88763,-0.31175,-0.28077,1.3844,-0.048157,1.1538,0.3324,1.2184,-1.0966,1.119,-0.049098,-1.1984,-0.38924,-0.81304,0.16237,0.030142,-0.72432,0.52709,-0.3362,0.039984,-0.55288,0.70072,-0.60288,-0.64393,0.80344,-0.10453,0.21203,0.73828,-0.30354,0.19786,-0.15813,-0.19904,-0.43318,-0.63255,-0.41721,0.16473,-0.10059,-0.3801,0.078427,0.6193,0.4193,0.22378,-0.15198,0.059095,0.098012,0.23677,-0.11402,-0.37116,-0.14886,0.13721,0.28864,-0.04059,0.28518,-0.20626,-0.12257,0.26381,0.14798,-0.0070353,0.21326,0.14926,0.22121,0.30437,0.053502,0.086236,-0.043814,0.16768,0.055526,-0.11796,-0.021168,-0.16609,0.28012,-0.0046186,0.074863,-0.099083,0.08174,-0.14234,0.081858,-1.9498e-15
"2000",-4.4885,6.0165,-0.71765,4.2618,4.2216,0.89094,1.4822,-2.6862,-2.5816,-1.0698,0.78823,-0.6498,1.5201,-1.874,-2.6362,-1.4676,-0.00047835,0.13387,1.7483,0.89238,-0.050907,-0.66874,-0.28969,-0.43603,0.89287,0.64537,-0.046645,0.59153,-0.25677,1.9942,0.25215,-0.52276,-0.69038,-0.39316,-1.3179,0.087036,0.12563,-0.88629,0.034163,-0.40518,-0.23353,-0.12844,-0.10522,0.17048,0.55558,-1.1899,0.82299,0.16683,-0.67188,0.55394,0.79436,-0.39242,-0.048655,-0.33996,-0.95709,-0.13178,-0.20785,-0.093055,0.4319,-0.21783,0.071303,0.22394,0.49818,0.054283,0.1982,0.90711,-0.0016231,0.044022,-0.27503,-0.18386,0.26717,-0.11463,-0.34788,0.12042,0.11462,0.26231,-0.018614,-0.10852,-0.049568,-0.090785,0.054937,0.2304,-0.022263,-0.0091741,-0.1293,-0.1783,0.086278,0.01205,0.072676,0.087622,0.11931,0.36673,-0.071139,-0.038293,-0.1339,0.13345,-0.027395,-0.099348,-0.142,-0.10506,-0.10816,7.7716e-16
"2090",-15.735,5.6402,-0.83044,0.075957,-1.3852,-0.99919,0.38177,-5.7036,-0.30764,-1.2681,0.48351,-2.3193,0.33778,-0.23371,0.5541,-0.23736,-1.0337,0.43985,1.8294,0.48985,-0.43175,-0.2502,2.0577,0.98499,-1.1504,0.056764,1.0444,-0.25854,-1.6047,-0.55334,1.2354,0.87902,-0.32618,0.19427,-1.0187,-0.54486,-0.20674,0.53139,-0.50879,-0.096743,0.86601,-0.23406,-0.34271,0.11632,-0.16188,-0.83614,0.48169,-0.26912,-0.086525,-0.46615,-0.40649,0.49651,-0.44679,0.065581,0.11441,0.38996,-0.33206,-0.34589,0.0038352,-0.074174,0.61938,0.24979,-0.5436,0.095321,0.15378,0.22565,-0.14409,0.13953,0.72484,0.2667,-0.32417,0.39048,0.24766,0.1465,0.17611,0.22747,-0.46255,0.19833,-0.0065102,0.18633,-0.17054,0.27525,-0.12443,0.28875,-0.26298,-0.0056478,0.054359,0.13766,-0.2252,-0.14302,-0.0080792,0.083712,0.065754,0.20763,-0.032876,-0.24331,0.011621,0.090081,-0.0096144,-0.056483,0.034926,-1.707e-15
"2100",-3.7381,0.96099,-5.5913,-2.8118,-1.7607,-1.2458,1.762,-2.1603,-0.35988,-0.70342,2.7258,-0.20989,2.5661,0.59311,-1.5153,-0.78714,0.33246,0.70893,-0.80845,0.12781,0.62869,0.41183,0.49723,0.28606,-0.017607,-0.60474,-0.22024,0.14336,-0.26282,0.0065635,0.20145,0.4022,1.1471,-0.16666,-0.65624,-0.3668,0.051512,0.73121,1.198,0.39301,0.2904,0.49507,-0.63379,-0.33815,0.93954,-0.63406,-0.15369,0.25729,0.46197,0.13376,0.053723,0.58672,0.22625,0.60881,0.076816,-0.099001,-0.056046,-0.041465,0.16026,-0.21671,-0.00058256,-0.22925,-0.19317,0.64988,-0.23158,-0.32993,0.030221,0.065879,0.031431,-0.025592,-0.028072,-0.36417,0.036614,0.054218,-0.48941,-0.26522,0.15867,0.13771,-0.14894,0.034859,-0.30562,-0.16457,-0.010149,0.067823,0.26318,0.1448,-0.30714,-0.05243,0.1397,0.22101,-0.20895,0.24912,0.13012,-0.0046528,-0.13607,-0.18372,-0.23265,0.0016847,-0.32564,0.11482,-0.16164,-5.2736e-16
"2130",8.7217,8.2379,-3.9088,-1.229,8.3194,3.0017,-0.73938,-1.454,-4.5809,2.273,2.2869,-0.17304,1.8849,-0.9832,-1.1648,-1.9748,1.8683,-0.62471,-0.3812,-0.9748,1.8261,-0.93148,-0.78543,1.2547,-1.1061,0.78299,0.63027,1.1015,0.17676,-0.87078,-0.77989,0.70177,-0.57671,0.096581,-0.56442,-0.0098072,-0.48685,-0.28375,0.21419,0.53334,-0.36745,0.72222,-0.70244,-0.015622,-1.0767,0.034304,-0.32272,0.19077,-0.27414,-0.53452,-0.1086,-0.65898,-0.050221,-0.35953,0.15826,0.06316,0.13655,0.48178,-0.092895,0.2702,-0.28936,0.094728,-0.77501,0.25711,-0.53271,-0.04039,-0.60767,-0.22115,-0.13096,0.22208,0.10309,0.33529,-0.23113,-0.072308,0.3532,-0.21297,0.15695,-0.041202,0.11592,-0.015376,0.16569,-0.15418,0.11551,0.12375,-0.21852,-0.28393,0.25245,-0.22394,0.13981,0.14577,-0.065199,-0.20229,0.063896,0.035075,-0.18118,-0.1307,-0.032677,-0.007533,-0.18448,-0.13826,-0.023983,4.1633e-16
"2210",1.554,2.4025,-5.6871,-11.312,-0.34641,6.5213,-0.56737,2.5118,-2.7262,-2.8856,3.0527,-2.9054,0.87215,0.3578,1.2437,0.13656,-0.12313,0.62991,1.3379,1.4661,0.85448,1.0271,0.0235,-0.48099,1.6438,0.88317,0.90799,0.85883,-0.7086,1.1707,0.18894,-0.50146,-0.023667,-0.70862,0.19991,-0.98169,-0.2667,-0.77867,0.91306,0.34785,0.4855,0.20665,0.72205,0.3915,0.88056,0.69061,-0.087984,-0.56573,1.0528,-0.066701,0.27696,-0.30196,0.2358,-0.14274,0.19428,-0.15584,-0.069647,0.57311,0.12091,-0.11994,-0.91384,0.13391,-0.368,-0.24794,0.28473,-0.16073,0.16418,-0.20047,0.42391,-0.34744,0.53106,0.20788,0.059965,0.35735,0.093171,-0.21618,-0.18708,0.38202,-0.41434,-0.07098,-0.045282,0.10178,0.068132,0.30872,-0.032216,-0.13314,0.11481,-0.060972,-0.037605,-0.048475,0.064398,0.073268,-0.040579,0.024038,0.0085822,0.062452,-0.026409,0.025265,0.11252,0.099876,0.069885,-2.0582e-15
